# ************************************************************
# Sequel Pro SQL dump
# Version 4541
#
# http://www.sequelpro.com/
# https://github.com/sequelpro/sequelpro
#
# Host: 127.0.0.1 (MySQL 5.7.27)
# Database: cubeshop
# Generation Time: 2020-06-27 07:05:04 +0000
# ************************************************************


/*!40101 SET @OLD_CHARACTER_SET_CLIENT=@@CHARACTER_SET_CLIENT */;
/*!40101 SET @OLD_CHARACTER_SET_RESULTS=@@CHARACTER_SET_RESULTS */;
/*!40101 SET @OLD_COLLATION_CONNECTION=@@COLLATION_CONNECTION */;
/*!40101 SET NAMES utf8 */;
/*!40014 SET @OLD_FOREIGN_KEY_CHECKS=@@FOREIGN_KEY_CHECKS, FOREIGN_KEY_CHECKS=0 */;
/*!40101 SET @OLD_SQL_MODE=@@SQL_MODE, SQL_MODE='NO_AUTO_VALUE_ON_ZERO' */;
/*!40111 SET @OLD_SQL_NOTES=@@SQL_NOTES, SQL_NOTES=0 */;


# Dump of table auth_group
# ------------------------------------------------------------

DROP TABLE IF EXISTS `auth_group`;

CREATE TABLE `auth_group` (
  `id` int(11) NOT NULL AUTO_INCREMENT,
  `name` varchar(150) NOT NULL,
  PRIMARY KEY (`id`),
  UNIQUE KEY `name` (`name`)
) ENGINE=InnoDB DEFAULT CHARSET=utf8mb4;



# Dump of table auth_group_permissions
# ------------------------------------------------------------

DROP TABLE IF EXISTS `auth_group_permissions`;

CREATE TABLE `auth_group_permissions` (
  `id` int(11) NOT NULL AUTO_INCREMENT,
  `group_id` int(11) NOT NULL,
  `permission_id` int(11) NOT NULL,
  PRIMARY KEY (`id`),
  UNIQUE KEY `auth_group_permissions_group_id_permission_id_0cd325b0_uniq` (`group_id`,`permission_id`),
  KEY `auth_group_permissio_permission_id_84c5c92e_fk_auth_perm` (`permission_id`),
  CONSTRAINT `auth_group_permissio_permission_id_84c5c92e_fk_auth_perm` FOREIGN KEY (`permission_id`) REFERENCES `auth_permission` (`id`),
  CONSTRAINT `auth_group_permissions_group_id_b120cbf9_fk_auth_group_id` FOREIGN KEY (`group_id`) REFERENCES `auth_group` (`id`)
) ENGINE=InnoDB DEFAULT CHARSET=utf8mb4;



# Dump of table auth_permission
# ------------------------------------------------------------

DROP TABLE IF EXISTS `auth_permission`;

CREATE TABLE `auth_permission` (
  `id` int(11) NOT NULL AUTO_INCREMENT,
  `name` varchar(255) NOT NULL,
  `content_type_id` int(11) NOT NULL,
  `codename` varchar(100) NOT NULL,
  PRIMARY KEY (`id`),
  UNIQUE KEY `auth_permission_content_type_id_codename_01ab375a_uniq` (`content_type_id`,`codename`),
  CONSTRAINT `auth_permission_content_type_id_2f476e4b_fk_django_co` FOREIGN KEY (`content_type_id`) REFERENCES `django_content_type` (`id`)
) ENGINE=InnoDB DEFAULT CHARSET=utf8mb4;

LOCK TABLES `auth_permission` WRITE;
/*!40000 ALTER TABLE `auth_permission` DISABLE KEYS */;

INSERT INTO `auth_permission` (`id`, `name`, `content_type_id`, `codename`)
VALUES
	(1,'Can add log entry',1,'add_logentry'),
	(2,'Can change log entry',1,'change_logentry'),
	(3,'Can delete log entry',1,'delete_logentry'),
	(4,'Can view log entry',1,'view_logentry'),
	(5,'Can add permission',2,'add_permission'),
	(6,'Can change permission',2,'change_permission'),
	(7,'Can delete permission',2,'delete_permission'),
	(8,'Can view permission',2,'view_permission'),
	(9,'Can add group',3,'add_group'),
	(10,'Can change group',3,'change_group'),
	(11,'Can delete group',3,'delete_group'),
	(12,'Can view group',3,'view_group'),
	(13,'Can add user',4,'add_user'),
	(14,'Can change user',4,'change_user'),
	(15,'Can delete user',4,'delete_user'),
	(16,'Can view user',4,'view_user'),
	(17,'Can add content type',5,'add_contenttype'),
	(18,'Can change content type',5,'change_contenttype'),
	(19,'Can delete content type',5,'delete_contenttype'),
	(20,'Can view content type',5,'view_contenttype'),
	(21,'Can add session',6,'add_session'),
	(22,'Can change session',6,'change_session'),
	(23,'Can delete session',6,'delete_session'),
	(24,'Can view session',6,'view_session'),
	(25,'Can add staff',7,'add_staff'),
	(26,'Can change staff',7,'change_staff'),
	(27,'Can delete staff',7,'delete_staff'),
	(28,'Can view staff',7,'view_staff'),
	(29,'Can add tenant',8,'add_tenant'),
	(30,'Can change tenant',8,'change_tenant'),
	(31,'Can delete tenant',8,'delete_tenant'),
	(32,'Can view tenant',8,'view_tenant'),
	(33,'Can add store',9,'add_store'),
	(34,'Can change store',9,'change_store'),
	(35,'Can delete store',9,'delete_store'),
	(36,'Can view store',9,'view_store'),
	(37,'Can add showcase',10,'add_showcase'),
	(38,'Can change showcase',10,'change_showcase'),
	(39,'Can delete showcase',10,'delete_showcase'),
	(40,'Can view showcase',10,'view_showcase'),
	(41,'Can add showcase rental',11,'add_showcaserental'),
	(42,'Can change showcase rental',11,'change_showcaserental'),
	(43,'Can delete showcase rental',11,'delete_showcaserental'),
	(44,'Can view showcase rental',11,'view_showcaserental'),
	(45,'Can add stock',12,'add_stock'),
	(46,'Can change stock',12,'change_stock'),
	(47,'Can delete stock',12,'delete_stock'),
	(48,'Can view stock',12,'view_stock'),
	(49,'Can add inventory',13,'add_inventory'),
	(50,'Can change inventory',13,'change_inventory'),
	(51,'Can delete inventory',13,'delete_inventory'),
	(52,'Can view inventory',13,'view_inventory'),
	(53,'Can add receipt',14,'add_receipt'),
	(54,'Can change receipt',14,'change_receipt'),
	(55,'Can delete receipt',14,'delete_receipt'),
	(56,'Can view receipt',14,'view_receipt'),
	(57,'Can add purchase',15,'add_purchase'),
	(58,'Can change purchase',15,'change_purchase'),
	(59,'Can delete purchase',15,'delete_purchase'),
	(60,'Can view purchase',15,'view_purchase');

/*!40000 ALTER TABLE `auth_permission` ENABLE KEYS */;
UNLOCK TABLES;


# Dump of table auth_user
# ------------------------------------------------------------

DROP TABLE IF EXISTS `auth_user`;

CREATE TABLE `auth_user` (
  `id` int(11) NOT NULL AUTO_INCREMENT,
  `password` varchar(128) NOT NULL,
  `last_login` datetime(6) DEFAULT NULL,
  `is_superuser` tinyint(1) NOT NULL,
  `username` varchar(150) NOT NULL,
  `first_name` varchar(30) NOT NULL,
  `last_name` varchar(150) NOT NULL,
  `email` varchar(254) NOT NULL,
  `is_staff` tinyint(1) NOT NULL,
  `is_active` tinyint(1) NOT NULL,
  `date_joined` datetime(6) NOT NULL,
  PRIMARY KEY (`id`),
  UNIQUE KEY `username` (`username`)
) ENGINE=InnoDB DEFAULT CHARSET=utf8mb4;

LOCK TABLES `auth_user` WRITE;
/*!40000 ALTER TABLE `auth_user` DISABLE KEYS */;

INSERT INTO `auth_user` (`id`, `password`, `last_login`, `is_superuser`, `username`, `first_name`, `last_name`, `email`, `is_staff`, `is_active`, `date_joined`)
VALUES
	(1,'pbkdf2_sha256$180000$dnuHY5tZXMiS$pVspBHibZlJ+a8MDGMSPmWl94NqCFnjzB6qc3rfxIFM=','2020-06-27 07:03:07.508444',1,'1','','','',1,1,'2020-06-07 04:20:34.800426'),
	(2,'pbkdf2_sha256$180000$TZaKRFxDhhTi$8pZb5h1ujhepvGK20QHMiF4rcbQhrgFerTpqx2XwH0M=','2020-06-17 10:18:13.890673',0,'tom','','','',0,1,'2020-06-07 08:24:47.139110'),
	(3,'pbkdf2_sha256$180000$nN7GMk9vL57o$CIie5C55Ywj/o1oTSckLD3cb1vKyUt0K156FOA1Mhf4=',NULL,0,'candy','','','',0,1,'2020-06-08 07:59:27.209111'),
	(4,'pbkdf2_sha256$180000$ypULgMpjkevh$KwPDworleYuGKD8Wj6C/HDDOExzCrP+QM9MuIkV/HIA=',NULL,0,'Sam','','','',0,1,'2020-06-08 08:08:00.275036'),
	(5,'pbkdf2_sha256$180000$EwHh8Sahu1qn$hiyPKrA30xOzmeCRu8jQ7ZE5OybNsBz3E9oXuTcbPxQ=','2020-06-09 08:48:17.818103',0,'ben','','','',0,1,'2020-06-09 08:48:07.513714'),
	(7,'pbkdf2_sha256$180000$jKN93SIgTTXJ$hGMeK5dKQoccg6L39YaD41/1qu61XH52mmeIQbli980=',NULL,0,'Sam13333','','','',0,1,'2020-06-11 02:52:11.106049'),
	(8,'pbkdf2_sha256$180000$2mx8XdHbHFLg$dBGTN6ay3ZiLMDTufRlmvPTP6D0r6hfnbEeIO4xt0MU=','2020-06-13 10:19:18.075381',0,'staffuser','','','',1,1,'2020-06-13 10:14:58.000000'),
	(9,'pbkdf2_sha256$180000$53qQ7qikHU6d$vZ6kwAzqizPTd97xlvzoKjOMlOdqcE5Eo99n5Ig2ecs=',NULL,0,'cheung','','','',0,1,'2020-06-25 07:52:07.779233');

/*!40000 ALTER TABLE `auth_user` ENABLE KEYS */;
UNLOCK TABLES;


# Dump of table auth_user_groups
# ------------------------------------------------------------

DROP TABLE IF EXISTS `auth_user_groups`;

CREATE TABLE `auth_user_groups` (
  `id` int(11) NOT NULL AUTO_INCREMENT,
  `user_id` int(11) NOT NULL,
  `group_id` int(11) NOT NULL,
  PRIMARY KEY (`id`),
  UNIQUE KEY `auth_user_groups_user_id_group_id_94350c0c_uniq` (`user_id`,`group_id`),
  KEY `auth_user_groups_group_id_97559544_fk_auth_group_id` (`group_id`),
  CONSTRAINT `auth_user_groups_group_id_97559544_fk_auth_group_id` FOREIGN KEY (`group_id`) REFERENCES `auth_group` (`id`),
  CONSTRAINT `auth_user_groups_user_id_6a12ed8b_fk_auth_user_id` FOREIGN KEY (`user_id`) REFERENCES `auth_user` (`id`)
) ENGINE=InnoDB DEFAULT CHARSET=utf8mb4;



# Dump of table auth_user_user_permissions
# ------------------------------------------------------------

DROP TABLE IF EXISTS `auth_user_user_permissions`;

CREATE TABLE `auth_user_user_permissions` (
  `id` int(11) NOT NULL AUTO_INCREMENT,
  `user_id` int(11) NOT NULL,
  `permission_id` int(11) NOT NULL,
  PRIMARY KEY (`id`),
  UNIQUE KEY `auth_user_user_permissions_user_id_permission_id_14a6b632_uniq` (`user_id`,`permission_id`),
  KEY `auth_user_user_permi_permission_id_1fbb5f2c_fk_auth_perm` (`permission_id`),
  CONSTRAINT `auth_user_user_permi_permission_id_1fbb5f2c_fk_auth_perm` FOREIGN KEY (`permission_id`) REFERENCES `auth_permission` (`id`),
  CONSTRAINT `auth_user_user_permissions_user_id_a95ead1b_fk_auth_user_id` FOREIGN KEY (`user_id`) REFERENCES `auth_user` (`id`)
) ENGINE=InnoDB DEFAULT CHARSET=utf8mb4;



# Dump of table django_admin_log
# ------------------------------------------------------------

DROP TABLE IF EXISTS `django_admin_log`;

CREATE TABLE `django_admin_log` (
  `id` int(11) NOT NULL AUTO_INCREMENT,
  `action_time` datetime(6) NOT NULL,
  `object_id` longtext,
  `object_repr` varchar(200) NOT NULL,
  `action_flag` smallint(5) unsigned NOT NULL,
  `change_message` longtext NOT NULL,
  `content_type_id` int(11) DEFAULT NULL,
  `user_id` int(11) NOT NULL,
  PRIMARY KEY (`id`),
  KEY `django_admin_log_content_type_id_c4bce8eb_fk_django_co` (`content_type_id`),
  KEY `django_admin_log_user_id_c564eba6_fk_auth_user_id` (`user_id`),
  CONSTRAINT `django_admin_log_content_type_id_c4bce8eb_fk_django_co` FOREIGN KEY (`content_type_id`) REFERENCES `django_content_type` (`id`),
  CONSTRAINT `django_admin_log_user_id_c564eba6_fk_auth_user_id` FOREIGN KEY (`user_id`) REFERENCES `auth_user` (`id`)
) ENGINE=InnoDB DEFAULT CHARSET=utf8mb4;

LOCK TABLES `django_admin_log` WRITE;
/*!40000 ALTER TABLE `django_admin_log` DISABLE KEYS */;

INSERT INTO `django_admin_log` (`id`, `action_time`, `object_id`, `object_repr`, `action_flag`, `change_message`, `content_type_id`, `user_id`)
VALUES
	(1,'2020-06-11 08:40:19.056080','2','tom',2,'[{\"changed\": {\"fields\": [\"password\"]}}]',4,1),
	(2,'2020-06-13 10:16:34.463451','8','staffuser',2,'[{\"changed\": {\"fields\": [\"Staff status\"]}}]',4,1),
	(3,'2020-06-17 10:11:50.460313','2','Tom Lee',2,'[{\"changed\": {\"fields\": [\"Tenant name\"]}}]',8,1),
	(4,'2020-06-17 10:12:29.959313','15','KF001-4',2,'[{\"changed\": {\"fields\": [\"Unit price\"]}}]',13,1);

/*!40000 ALTER TABLE `django_admin_log` ENABLE KEYS */;
UNLOCK TABLES;


# Dump of table django_content_type
# ------------------------------------------------------------

DROP TABLE IF EXISTS `django_content_type`;

CREATE TABLE `django_content_type` (
  `id` int(11) NOT NULL AUTO_INCREMENT,
  `app_label` varchar(100) NOT NULL,
  `model` varchar(100) NOT NULL,
  PRIMARY KEY (`id`),
  UNIQUE KEY `django_content_type_app_label_model_76bd3d3b_uniq` (`app_label`,`model`)
) ENGINE=InnoDB DEFAULT CHARSET=utf8mb4;

LOCK TABLES `django_content_type` WRITE;
/*!40000 ALTER TABLE `django_content_type` DISABLE KEYS */;

INSERT INTO `django_content_type` (`id`, `app_label`, `model`)
VALUES
	(1,'admin','logentry'),
	(3,'auth','group'),
	(2,'auth','permission'),
	(4,'auth','user'),
	(5,'contenttypes','contenttype'),
	(13,'server','inventory'),
	(15,'server','purchase'),
	(14,'server','receipt'),
	(10,'server','showcase'),
	(11,'server','showcaserental'),
	(7,'server','staff'),
	(12,'server','stock'),
	(9,'server','store'),
	(8,'server','tenant'),
	(6,'sessions','session');

/*!40000 ALTER TABLE `django_content_type` ENABLE KEYS */;
UNLOCK TABLES;


# Dump of table django_migrations
# ------------------------------------------------------------

DROP TABLE IF EXISTS `django_migrations`;

CREATE TABLE `django_migrations` (
  `id` int(11) NOT NULL AUTO_INCREMENT,
  `app` varchar(255) NOT NULL,
  `name` varchar(255) NOT NULL,
  `applied` datetime(6) NOT NULL,
  PRIMARY KEY (`id`)
) ENGINE=InnoDB DEFAULT CHARSET=utf8mb4;

LOCK TABLES `django_migrations` WRITE;
/*!40000 ALTER TABLE `django_migrations` DISABLE KEYS */;

INSERT INTO `django_migrations` (`id`, `app`, `name`, `applied`)
VALUES
	(1,'contenttypes','0001_initial','2020-06-07 04:11:36.847616'),
	(2,'auth','0001_initial','2020-06-07 04:11:36.948592'),
	(3,'admin','0001_initial','2020-06-07 04:11:37.169113'),
	(4,'admin','0002_logentry_remove_auto_add','2020-06-07 04:11:37.225316'),
	(5,'admin','0003_logentry_add_action_flag_choices','2020-06-07 04:11:37.233387'),
	(6,'contenttypes','0002_remove_content_type_name','2020-06-07 04:11:37.281947'),
	(7,'auth','0002_alter_permission_name_max_length','2020-06-07 04:11:37.301543'),
	(8,'auth','0003_alter_user_email_max_length','2020-06-07 04:11:37.320668'),
	(9,'auth','0004_alter_user_username_opts','2020-06-07 04:11:37.329814'),
	(10,'auth','0005_alter_user_last_login_null','2020-06-07 04:11:37.353810'),
	(11,'auth','0006_require_contenttypes_0002','2020-06-07 04:11:37.355844'),
	(12,'auth','0007_alter_validators_add_error_messages','2020-06-07 04:11:37.365445'),
	(13,'auth','0008_alter_user_username_max_length','2020-06-07 04:11:37.390682'),
	(14,'auth','0009_alter_user_last_name_max_length','2020-06-07 04:11:37.416648'),
	(15,'auth','0010_alter_group_name_max_length','2020-06-07 04:11:37.433414'),
	(16,'auth','0011_update_proxy_permissions','2020-06-07 04:11:37.442211'),
	(18,'sessions','0001_initial','2020-06-07 04:11:37.933232'),
	(28,'server','0001_initial','2020-06-26 01:55:26.142654'),
	(29,'server','0002_inventory_status','2020-06-27 06:21:01.472791');

/*!40000 ALTER TABLE `django_migrations` ENABLE KEYS */;
UNLOCK TABLES;


# Dump of table django_session
# ------------------------------------------------------------

DROP TABLE IF EXISTS `django_session`;

CREATE TABLE `django_session` (
  `session_key` varchar(40) NOT NULL,
  `session_data` longtext NOT NULL,
  `expire_date` datetime(6) NOT NULL,
  PRIMARY KEY (`session_key`),
  KEY `django_session_expire_date_a5c62663` (`expire_date`)
) ENGINE=InnoDB DEFAULT CHARSET=utf8mb4;

LOCK TABLES `django_session` WRITE;
/*!40000 ALTER TABLE `django_session` DISABLE KEYS */;

INSERT INTO `django_session` (`session_key`, `session_data`, `expire_date`)
VALUES
	('01i1xx9boqehovxnztvj71qc2ovip230','OWVlMmI0YzY5ODI5ZjFkZmM0ZDA0OTcyNDRlNzlmNGU5Nzk3ZTU2MDp7Il9hdXRoX3VzZXJfaWQiOiIxIiwiX2F1dGhfdXNlcl9iYWNrZW5kIjoiZGphbmdvLmNvbnRyaWIuYXV0aC5iYWNrZW5kcy5Nb2RlbEJhY2tlbmQiLCJfYXV0aF91c2VyX2hhc2giOiI0YTc5ODIwYzVlNzllZGQ0Y2U4ZDgxNjVlNThlYTdhNzZkMWE4NDY2In0=','2020-07-11 07:01:23.364674'),
	('03qsvp0t94q92ayy831hf0qbnf7gdxsz','OWVlMmI0YzY5ODI5ZjFkZmM0ZDA0OTcyNDRlNzlmNGU5Nzk3ZTU2MDp7Il9hdXRoX3VzZXJfaWQiOiIxIiwiX2F1dGhfdXNlcl9iYWNrZW5kIjoiZGphbmdvLmNvbnRyaWIuYXV0aC5iYWNrZW5kcy5Nb2RlbEJhY2tlbmQiLCJfYXV0aF91c2VyX2hhc2giOiI0YTc5ODIwYzVlNzllZGQ0Y2U4ZDgxNjVlNThlYTdhNzZkMWE4NDY2In0=','2020-07-04 09:01:37.043401'),
	('06njnmcbsqs00323pt3gzbvk306ha61w','OWVlMmI0YzY5ODI5ZjFkZmM0ZDA0OTcyNDRlNzlmNGU5Nzk3ZTU2MDp7Il9hdXRoX3VzZXJfaWQiOiIxIiwiX2F1dGhfdXNlcl9iYWNrZW5kIjoiZGphbmdvLmNvbnRyaWIuYXV0aC5iYWNrZW5kcy5Nb2RlbEJhY2tlbmQiLCJfYXV0aF91c2VyX2hhc2giOiI0YTc5ODIwYzVlNzllZGQ0Y2U4ZDgxNjVlNThlYTdhNzZkMWE4NDY2In0=','2020-06-25 08:18:13.103159'),
	('0fnwmsdjq974m9burhp9cwbic2gmpex3','OWVlMmI0YzY5ODI5ZjFkZmM0ZDA0OTcyNDRlNzlmNGU5Nzk3ZTU2MDp7Il9hdXRoX3VzZXJfaWQiOiIxIiwiX2F1dGhfdXNlcl9iYWNrZW5kIjoiZGphbmdvLmNvbnRyaWIuYXV0aC5iYWNrZW5kcy5Nb2RlbEJhY2tlbmQiLCJfYXV0aF91c2VyX2hhc2giOiI0YTc5ODIwYzVlNzllZGQ0Y2U4ZDgxNjVlNThlYTdhNzZkMWE4NDY2In0=','2020-07-11 06:09:31.673034'),
	('0igm96quloiftqgrk6f7i5xnjrjqqzu5','OWVlMmI0YzY5ODI5ZjFkZmM0ZDA0OTcyNDRlNzlmNGU5Nzk3ZTU2MDp7Il9hdXRoX3VzZXJfaWQiOiIxIiwiX2F1dGhfdXNlcl9iYWNrZW5kIjoiZGphbmdvLmNvbnRyaWIuYXV0aC5iYWNrZW5kcy5Nb2RlbEJhY2tlbmQiLCJfYXV0aF91c2VyX2hhc2giOiI0YTc5ODIwYzVlNzllZGQ0Y2U4ZDgxNjVlNThlYTdhNzZkMWE4NDY2In0=','2020-06-26 05:30:09.550329'),
	('0m3ouw2iv5dh6xfk4fa7yk5prf81vdwd','OWVlMmI0YzY5ODI5ZjFkZmM0ZDA0OTcyNDRlNzlmNGU5Nzk3ZTU2MDp7Il9hdXRoX3VzZXJfaWQiOiIxIiwiX2F1dGhfdXNlcl9iYWNrZW5kIjoiZGphbmdvLmNvbnRyaWIuYXV0aC5iYWNrZW5kcy5Nb2RlbEJhY2tlbmQiLCJfYXV0aF91c2VyX2hhc2giOiI0YTc5ODIwYzVlNzllZGQ0Y2U4ZDgxNjVlNThlYTdhNzZkMWE4NDY2In0=','2020-06-27 07:46:51.355824'),
	('0vod6somedf5qw5fjikqunmp6czx0u31','OWVlMmI0YzY5ODI5ZjFkZmM0ZDA0OTcyNDRlNzlmNGU5Nzk3ZTU2MDp7Il9hdXRoX3VzZXJfaWQiOiIxIiwiX2F1dGhfdXNlcl9iYWNrZW5kIjoiZGphbmdvLmNvbnRyaWIuYXV0aC5iYWNrZW5kcy5Nb2RlbEJhY2tlbmQiLCJfYXV0aF91c2VyX2hhc2giOiI0YTc5ODIwYzVlNzllZGQ0Y2U4ZDgxNjVlNThlYTdhNzZkMWE4NDY2In0=','2020-06-27 14:40:48.364824'),
	('0wfwbibd0lhg4h341o1k2ih0vvkd0coq','OWVlMmI0YzY5ODI5ZjFkZmM0ZDA0OTcyNDRlNzlmNGU5Nzk3ZTU2MDp7Il9hdXRoX3VzZXJfaWQiOiIxIiwiX2F1dGhfdXNlcl9iYWNrZW5kIjoiZGphbmdvLmNvbnRyaWIuYXV0aC5iYWNrZW5kcy5Nb2RlbEJhY2tlbmQiLCJfYXV0aF91c2VyX2hhc2giOiI0YTc5ODIwYzVlNzllZGQ0Y2U4ZDgxNjVlNThlYTdhNzZkMWE4NDY2In0=','2020-06-21 07:14:34.590697'),
	('10fcw4fqri57bhvcv3uz6tvtfjg4l7ie','OWVlMmI0YzY5ODI5ZjFkZmM0ZDA0OTcyNDRlNzlmNGU5Nzk3ZTU2MDp7Il9hdXRoX3VzZXJfaWQiOiIxIiwiX2F1dGhfdXNlcl9iYWNrZW5kIjoiZGphbmdvLmNvbnRyaWIuYXV0aC5iYWNrZW5kcy5Nb2RlbEJhY2tlbmQiLCJfYXV0aF91c2VyX2hhc2giOiI0YTc5ODIwYzVlNzllZGQ0Y2U4ZDgxNjVlNThlYTdhNzZkMWE4NDY2In0=','2020-06-27 06:40:42.385830'),
	('10yk0e3t5ftyiicwkib6k5ym6hb05caa','OWVlMmI0YzY5ODI5ZjFkZmM0ZDA0OTcyNDRlNzlmNGU5Nzk3ZTU2MDp7Il9hdXRoX3VzZXJfaWQiOiIxIiwiX2F1dGhfdXNlcl9iYWNrZW5kIjoiZGphbmdvLmNvbnRyaWIuYXV0aC5iYWNrZW5kcy5Nb2RlbEJhY2tlbmQiLCJfYXV0aF91c2VyX2hhc2giOiI0YTc5ODIwYzVlNzllZGQ0Y2U4ZDgxNjVlNThlYTdhNzZkMWE4NDY2In0=','2020-06-27 08:08:00.422705'),
	('12vk55in79ay4he6v8gltqplc3sjqoz2','OWVlMmI0YzY5ODI5ZjFkZmM0ZDA0OTcyNDRlNzlmNGU5Nzk3ZTU2MDp7Il9hdXRoX3VzZXJfaWQiOiIxIiwiX2F1dGhfdXNlcl9iYWNrZW5kIjoiZGphbmdvLmNvbnRyaWIuYXV0aC5iYWNrZW5kcy5Nb2RlbEJhY2tlbmQiLCJfYXV0aF91c2VyX2hhc2giOiI0YTc5ODIwYzVlNzllZGQ0Y2U4ZDgxNjVlNThlYTdhNzZkMWE4NDY2In0=','2020-06-30 06:34:43.221724'),
	('17ovdbkyhe79b8fnmjjnaim2r1l2xkqk','OWVlMmI0YzY5ODI5ZjFkZmM0ZDA0OTcyNDRlNzlmNGU5Nzk3ZTU2MDp7Il9hdXRoX3VzZXJfaWQiOiIxIiwiX2F1dGhfdXNlcl9iYWNrZW5kIjoiZGphbmdvLmNvbnRyaWIuYXV0aC5iYWNrZW5kcy5Nb2RlbEJhY2tlbmQiLCJfYXV0aF91c2VyX2hhc2giOiI0YTc5ODIwYzVlNzllZGQ0Y2U4ZDgxNjVlNThlYTdhNzZkMWE4NDY2In0=','2020-06-21 07:54:39.958453'),
	('192ree4auhviegeordrbz1h5rqveijye','OWVlMmI0YzY5ODI5ZjFkZmM0ZDA0OTcyNDRlNzlmNGU5Nzk3ZTU2MDp7Il9hdXRoX3VzZXJfaWQiOiIxIiwiX2F1dGhfdXNlcl9iYWNrZW5kIjoiZGphbmdvLmNvbnRyaWIuYXV0aC5iYWNrZW5kcy5Nb2RlbEJhY2tlbmQiLCJfYXV0aF91c2VyX2hhc2giOiI0YTc5ODIwYzVlNzllZGQ0Y2U4ZDgxNjVlNThlYTdhNzZkMWE4NDY2In0=','2020-07-04 09:16:46.358730'),
	('1bw0rvhw4b5hnuabqm7uhtkuujrrkfds','OWVlMmI0YzY5ODI5ZjFkZmM0ZDA0OTcyNDRlNzlmNGU5Nzk3ZTU2MDp7Il9hdXRoX3VzZXJfaWQiOiIxIiwiX2F1dGhfdXNlcl9iYWNrZW5kIjoiZGphbmdvLmNvbnRyaWIuYXV0aC5iYWNrZW5kcy5Nb2RlbEJhY2tlbmQiLCJfYXV0aF91c2VyX2hhc2giOiI0YTc5ODIwYzVlNzllZGQ0Y2U4ZDgxNjVlNThlYTdhNzZkMWE4NDY2In0=','2020-06-25 06:53:46.335429'),
	('1i6fo5f99tjmytz7pj0ua8p8v8nx3dlh','OWVlMmI0YzY5ODI5ZjFkZmM0ZDA0OTcyNDRlNzlmNGU5Nzk3ZTU2MDp7Il9hdXRoX3VzZXJfaWQiOiIxIiwiX2F1dGhfdXNlcl9iYWNrZW5kIjoiZGphbmdvLmNvbnRyaWIuYXV0aC5iYWNrZW5kcy5Nb2RlbEJhY2tlbmQiLCJfYXV0aF91c2VyX2hhc2giOiI0YTc5ODIwYzVlNzllZGQ0Y2U4ZDgxNjVlNThlYTdhNzZkMWE4NDY2In0=','2020-06-27 14:30:16.556607'),
	('1iywp4217wibeadtt96c9lpa9wpwqm5z','MmYyMDM3YzFkMjI2Yzk1MTEyYzhlNTg1Yjc1MDRhODdiMzljOTkwMDp7Il9hdXRoX3VzZXJfaWQiOiIyIiwiX2F1dGhfdXNlcl9iYWNrZW5kIjoiZGphbmdvLmNvbnRyaWIuYXV0aC5iYWNrZW5kcy5Nb2RlbEJhY2tlbmQiLCJfYXV0aF91c2VyX2hhc2giOiJjZTM1OWZiOTMxYTRjMGVkZWY1MmJjZmQ0NmE5MWY3OTg3ZWNiZjMxIn0=','2020-06-25 09:33:52.431955'),
	('1jxj6kw6tmbggjqpp218fgix7smhwpno','OWVlMmI0YzY5ODI5ZjFkZmM0ZDA0OTcyNDRlNzlmNGU5Nzk3ZTU2MDp7Il9hdXRoX3VzZXJfaWQiOiIxIiwiX2F1dGhfdXNlcl9iYWNrZW5kIjoiZGphbmdvLmNvbnRyaWIuYXV0aC5iYWNrZW5kcy5Nb2RlbEJhY2tlbmQiLCJfYXV0aF91c2VyX2hhc2giOiI0YTc5ODIwYzVlNzllZGQ0Y2U4ZDgxNjVlNThlYTdhNzZkMWE4NDY2In0=','2020-06-25 06:50:31.250578'),
	('1lhjjjyavd63qata03vhk9cppq29zyyi','OWVlMmI0YzY5ODI5ZjFkZmM0ZDA0OTcyNDRlNzlmNGU5Nzk3ZTU2MDp7Il9hdXRoX3VzZXJfaWQiOiIxIiwiX2F1dGhfdXNlcl9iYWNrZW5kIjoiZGphbmdvLmNvbnRyaWIuYXV0aC5iYWNrZW5kcy5Nb2RlbEJhY2tlbmQiLCJfYXV0aF91c2VyX2hhc2giOiI0YTc5ODIwYzVlNzllZGQ0Y2U4ZDgxNjVlNThlYTdhNzZkMWE4NDY2In0=','2020-06-27 05:41:21.405114'),
	('1lk4y2l3gfdszrkwmswhmuqz9spnd7rj','OWVlMmI0YzY5ODI5ZjFkZmM0ZDA0OTcyNDRlNzlmNGU5Nzk3ZTU2MDp7Il9hdXRoX3VzZXJfaWQiOiIxIiwiX2F1dGhfdXNlcl9iYWNrZW5kIjoiZGphbmdvLmNvbnRyaWIuYXV0aC5iYWNrZW5kcy5Nb2RlbEJhY2tlbmQiLCJfYXV0aF91c2VyX2hhc2giOiI0YTc5ODIwYzVlNzllZGQ0Y2U4ZDgxNjVlNThlYTdhNzZkMWE4NDY2In0=','2020-06-24 10:11:30.244844'),
	('1p27sa0ypic9hebrkf9fg1vyo8m08h7d','OWVlMmI0YzY5ODI5ZjFkZmM0ZDA0OTcyNDRlNzlmNGU5Nzk3ZTU2MDp7Il9hdXRoX3VzZXJfaWQiOiIxIiwiX2F1dGhfdXNlcl9iYWNrZW5kIjoiZGphbmdvLmNvbnRyaWIuYXV0aC5iYWNrZW5kcy5Nb2RlbEJhY2tlbmQiLCJfYXV0aF91c2VyX2hhc2giOiI0YTc5ODIwYzVlNzllZGQ0Y2U4ZDgxNjVlNThlYTdhNzZkMWE4NDY2In0=','2020-06-25 07:08:32.926900'),
	('1qluz5a5n5fhdxrhcez3kwtno10uvnsr','OWVlMmI0YzY5ODI5ZjFkZmM0ZDA0OTcyNDRlNzlmNGU5Nzk3ZTU2MDp7Il9hdXRoX3VzZXJfaWQiOiIxIiwiX2F1dGhfdXNlcl9iYWNrZW5kIjoiZGphbmdvLmNvbnRyaWIuYXV0aC5iYWNrZW5kcy5Nb2RlbEJhY2tlbmQiLCJfYXV0aF91c2VyX2hhc2giOiI0YTc5ODIwYzVlNzllZGQ0Y2U4ZDgxNjVlNThlYTdhNzZkMWE4NDY2In0=','2020-06-26 04:29:32.065829'),
	('1u53vlnjccvjaazh56bqhmp109vcpgl5','OWVlMmI0YzY5ODI5ZjFkZmM0ZDA0OTcyNDRlNzlmNGU5Nzk3ZTU2MDp7Il9hdXRoX3VzZXJfaWQiOiIxIiwiX2F1dGhfdXNlcl9iYWNrZW5kIjoiZGphbmdvLmNvbnRyaWIuYXV0aC5iYWNrZW5kcy5Nb2RlbEJhY2tlbmQiLCJfYXV0aF91c2VyX2hhc2giOiI0YTc5ODIwYzVlNzllZGQ0Y2U4ZDgxNjVlNThlYTdhNzZkMWE4NDY2In0=','2020-07-11 05:49:02.268234'),
	('1wffbdrmm9s8odnji236c8ncj8ek4ufk','OWVlMmI0YzY5ODI5ZjFkZmM0ZDA0OTcyNDRlNzlmNGU5Nzk3ZTU2MDp7Il9hdXRoX3VzZXJfaWQiOiIxIiwiX2F1dGhfdXNlcl9iYWNrZW5kIjoiZGphbmdvLmNvbnRyaWIuYXV0aC5iYWNrZW5kcy5Nb2RlbEJhY2tlbmQiLCJfYXV0aF91c2VyX2hhc2giOiI0YTc5ODIwYzVlNzllZGQ0Y2U4ZDgxNjVlNThlYTdhNzZkMWE4NDY2In0=','2020-06-27 06:17:52.617541'),
	('1y4mzfiyjahsi8gta747ooxk4yr2qn5p','OWVlMmI0YzY5ODI5ZjFkZmM0ZDA0OTcyNDRlNzlmNGU5Nzk3ZTU2MDp7Il9hdXRoX3VzZXJfaWQiOiIxIiwiX2F1dGhfdXNlcl9iYWNrZW5kIjoiZGphbmdvLmNvbnRyaWIuYXV0aC5iYWNrZW5kcy5Nb2RlbEJhY2tlbmQiLCJfYXV0aF91c2VyX2hhc2giOiI0YTc5ODIwYzVlNzllZGQ0Y2U4ZDgxNjVlNThlYTdhNzZkMWE4NDY2In0=','2020-06-21 08:10:42.126996'),
	('201gb5io4o2xprtxp7zc54atr1p5cswd','OWVlMmI0YzY5ODI5ZjFkZmM0ZDA0OTcyNDRlNzlmNGU5Nzk3ZTU2MDp7Il9hdXRoX3VzZXJfaWQiOiIxIiwiX2F1dGhfdXNlcl9iYWNrZW5kIjoiZGphbmdvLmNvbnRyaWIuYXV0aC5iYWNrZW5kcy5Nb2RlbEJhY2tlbmQiLCJfYXV0aF91c2VyX2hhc2giOiI0YTc5ODIwYzVlNzllZGQ0Y2U4ZDgxNjVlNThlYTdhNzZkMWE4NDY2In0=','2020-06-21 07:18:52.604062'),
	('23oi4ccdpddt5joefr1ujj2cnnpifcp7','OWVlMmI0YzY5ODI5ZjFkZmM0ZDA0OTcyNDRlNzlmNGU5Nzk3ZTU2MDp7Il9hdXRoX3VzZXJfaWQiOiIxIiwiX2F1dGhfdXNlcl9iYWNrZW5kIjoiZGphbmdvLmNvbnRyaWIuYXV0aC5iYWNrZW5kcy5Nb2RlbEJhY2tlbmQiLCJfYXV0aF91c2VyX2hhc2giOiI0YTc5ODIwYzVlNzllZGQ0Y2U4ZDgxNjVlNThlYTdhNzZkMWE4NDY2In0=','2020-06-27 08:09:13.842415'),
	('24l4pl7fgdzheh907y7sejde20m7vpze','OWVlMmI0YzY5ODI5ZjFkZmM0ZDA0OTcyNDRlNzlmNGU5Nzk3ZTU2MDp7Il9hdXRoX3VzZXJfaWQiOiIxIiwiX2F1dGhfdXNlcl9iYWNrZW5kIjoiZGphbmdvLmNvbnRyaWIuYXV0aC5iYWNrZW5kcy5Nb2RlbEJhY2tlbmQiLCJfYXV0aF91c2VyX2hhc2giOiI0YTc5ODIwYzVlNzllZGQ0Y2U4ZDgxNjVlNThlYTdhNzZkMWE4NDY2In0=','2020-06-25 02:29:50.005855'),
	('27kiqtxx53834gbqp4ock1zfh2u5qnwy','OWVlMmI0YzY5ODI5ZjFkZmM0ZDA0OTcyNDRlNzlmNGU5Nzk3ZTU2MDp7Il9hdXRoX3VzZXJfaWQiOiIxIiwiX2F1dGhfdXNlcl9iYWNrZW5kIjoiZGphbmdvLmNvbnRyaWIuYXV0aC5iYWNrZW5kcy5Nb2RlbEJhY2tlbmQiLCJfYXV0aF91c2VyX2hhc2giOiI0YTc5ODIwYzVlNzllZGQ0Y2U4ZDgxNjVlNThlYTdhNzZkMWE4NDY2In0=','2020-06-30 06:42:48.518021'),
	('2aiszn889eza9oga6nd10xngdoagz5pu','OWVlMmI0YzY5ODI5ZjFkZmM0ZDA0OTcyNDRlNzlmNGU5Nzk3ZTU2MDp7Il9hdXRoX3VzZXJfaWQiOiIxIiwiX2F1dGhfdXNlcl9iYWNrZW5kIjoiZGphbmdvLmNvbnRyaWIuYXV0aC5iYWNrZW5kcy5Nb2RlbEJhY2tlbmQiLCJfYXV0aF91c2VyX2hhc2giOiI0YTc5ODIwYzVlNzllZGQ0Y2U4ZDgxNjVlNThlYTdhNzZkMWE4NDY2In0=','2020-06-24 04:20:29.475246'),
	('2d65jd5l0m3vq8f1vbq2x6232imgauo6','MmYyMDM3YzFkMjI2Yzk1MTEyYzhlNTg1Yjc1MDRhODdiMzljOTkwMDp7Il9hdXRoX3VzZXJfaWQiOiIyIiwiX2F1dGhfdXNlcl9iYWNrZW5kIjoiZGphbmdvLmNvbnRyaWIuYXV0aC5iYWNrZW5kcy5Nb2RlbEJhY2tlbmQiLCJfYXV0aF91c2VyX2hhc2giOiJjZTM1OWZiOTMxYTRjMGVkZWY1MmJjZmQ0NmE5MWY3OTg3ZWNiZjMxIn0=','2020-06-25 08:50:26.892228'),
	('2eyt3fgd9vr4iaxbgwzcrsq5aghf9x4u','OWVlMmI0YzY5ODI5ZjFkZmM0ZDA0OTcyNDRlNzlmNGU5Nzk3ZTU2MDp7Il9hdXRoX3VzZXJfaWQiOiIxIiwiX2F1dGhfdXNlcl9iYWNrZW5kIjoiZGphbmdvLmNvbnRyaWIuYXV0aC5iYWNrZW5kcy5Nb2RlbEJhY2tlbmQiLCJfYXV0aF91c2VyX2hhc2giOiI0YTc5ODIwYzVlNzllZGQ0Y2U4ZDgxNjVlNThlYTdhNzZkMWE4NDY2In0=','2020-06-21 10:12:44.905838'),
	('2frumsz7eb22j4iqlm28ko6vwgb9l4dz','OWVlMmI0YzY5ODI5ZjFkZmM0ZDA0OTcyNDRlNzlmNGU5Nzk3ZTU2MDp7Il9hdXRoX3VzZXJfaWQiOiIxIiwiX2F1dGhfdXNlcl9iYWNrZW5kIjoiZGphbmdvLmNvbnRyaWIuYXV0aC5iYWNrZW5kcy5Nb2RlbEJhY2tlbmQiLCJfYXV0aF91c2VyX2hhc2giOiI0YTc5ODIwYzVlNzllZGQ0Y2U4ZDgxNjVlNThlYTdhNzZkMWE4NDY2In0=','2020-06-26 04:28:15.959603'),
	('2g4dbwoo1spmba6a94l5euwzqfcfxb14','OWVlMmI0YzY5ODI5ZjFkZmM0ZDA0OTcyNDRlNzlmNGU5Nzk3ZTU2MDp7Il9hdXRoX3VzZXJfaWQiOiIxIiwiX2F1dGhfdXNlcl9iYWNrZW5kIjoiZGphbmdvLmNvbnRyaWIuYXV0aC5iYWNrZW5kcy5Nb2RlbEJhY2tlbmQiLCJfYXV0aF91c2VyX2hhc2giOiI0YTc5ODIwYzVlNzllZGQ0Y2U4ZDgxNjVlNThlYTdhNzZkMWE4NDY2In0=','2020-06-27 08:57:55.058011'),
	('2gduwt9r4i7ignwkki65zgohwdvb09yd','OWVlMmI0YzY5ODI5ZjFkZmM0ZDA0OTcyNDRlNzlmNGU5Nzk3ZTU2MDp7Il9hdXRoX3VzZXJfaWQiOiIxIiwiX2F1dGhfdXNlcl9iYWNrZW5kIjoiZGphbmdvLmNvbnRyaWIuYXV0aC5iYWNrZW5kcy5Nb2RlbEJhY2tlbmQiLCJfYXV0aF91c2VyX2hhc2giOiI0YTc5ODIwYzVlNzllZGQ0Y2U4ZDgxNjVlNThlYTdhNzZkMWE4NDY2In0=','2020-06-27 09:02:06.034751'),
	('2m172rl1sdzvq6hw5ak8uysqrs18rd66','OWVlMmI0YzY5ODI5ZjFkZmM0ZDA0OTcyNDRlNzlmNGU5Nzk3ZTU2MDp7Il9hdXRoX3VzZXJfaWQiOiIxIiwiX2F1dGhfdXNlcl9iYWNrZW5kIjoiZGphbmdvLmNvbnRyaWIuYXV0aC5iYWNrZW5kcy5Nb2RlbEJhY2tlbmQiLCJfYXV0aF91c2VyX2hhc2giOiI0YTc5ODIwYzVlNzllZGQ0Y2U4ZDgxNjVlNThlYTdhNzZkMWE4NDY2In0=','2020-06-21 10:00:01.559371'),
	('2mc8gsu0l6x1chqnoesgahki535tyj8c','OWVlMmI0YzY5ODI5ZjFkZmM0ZDA0OTcyNDRlNzlmNGU5Nzk3ZTU2MDp7Il9hdXRoX3VzZXJfaWQiOiIxIiwiX2F1dGhfdXNlcl9iYWNrZW5kIjoiZGphbmdvLmNvbnRyaWIuYXV0aC5iYWNrZW5kcy5Nb2RlbEJhY2tlbmQiLCJfYXV0aF91c2VyX2hhc2giOiI0YTc5ODIwYzVlNzllZGQ0Y2U4ZDgxNjVlNThlYTdhNzZkMWE4NDY2In0=','2020-06-21 10:25:04.404350'),
	('2n2wynkbd75pwinlylmcenpukt8xg7h8','OWVlMmI0YzY5ODI5ZjFkZmM0ZDA0OTcyNDRlNzlmNGU5Nzk3ZTU2MDp7Il9hdXRoX3VzZXJfaWQiOiIxIiwiX2F1dGhfdXNlcl9iYWNrZW5kIjoiZGphbmdvLmNvbnRyaWIuYXV0aC5iYWNrZW5kcy5Nb2RlbEJhY2tlbmQiLCJfYXV0aF91c2VyX2hhc2giOiI0YTc5ODIwYzVlNzllZGQ0Y2U4ZDgxNjVlNThlYTdhNzZkMWE4NDY2In0=','2020-06-27 14:55:58.597065'),
	('2nivr3m2miu9atihv91i7rlzip813yj7','OWVlMmI0YzY5ODI5ZjFkZmM0ZDA0OTcyNDRlNzlmNGU5Nzk3ZTU2MDp7Il9hdXRoX3VzZXJfaWQiOiIxIiwiX2F1dGhfdXNlcl9iYWNrZW5kIjoiZGphbmdvLmNvbnRyaWIuYXV0aC5iYWNrZW5kcy5Nb2RlbEJhY2tlbmQiLCJfYXV0aF91c2VyX2hhc2giOiI0YTc5ODIwYzVlNzllZGQ0Y2U4ZDgxNjVlNThlYTdhNzZkMWE4NDY2In0=','2020-06-25 10:19:11.609873'),
	('2nt2txjiuf3lvnxp8a3wvne1jliecij2','MmYyMDM3YzFkMjI2Yzk1MTEyYzhlNTg1Yjc1MDRhODdiMzljOTkwMDp7Il9hdXRoX3VzZXJfaWQiOiIyIiwiX2F1dGhfdXNlcl9iYWNrZW5kIjoiZGphbmdvLmNvbnRyaWIuYXV0aC5iYWNrZW5kcy5Nb2RlbEJhY2tlbmQiLCJfYXV0aF91c2VyX2hhc2giOiJjZTM1OWZiOTMxYTRjMGVkZWY1MmJjZmQ0NmE5MWY3OTg3ZWNiZjMxIn0=','2020-07-01 10:13:29.199595'),
	('2pw8l13xtkh1xtddljrl5exgrkshapqy','OWVlMmI0YzY5ODI5ZjFkZmM0ZDA0OTcyNDRlNzlmNGU5Nzk3ZTU2MDp7Il9hdXRoX3VzZXJfaWQiOiIxIiwiX2F1dGhfdXNlcl9iYWNrZW5kIjoiZGphbmdvLmNvbnRyaWIuYXV0aC5iYWNrZW5kcy5Nb2RlbEJhY2tlbmQiLCJfYXV0aF91c2VyX2hhc2giOiI0YTc5ODIwYzVlNzllZGQ0Y2U4ZDgxNjVlNThlYTdhNzZkMWE4NDY2In0=','2020-06-25 08:10:20.969620'),
	('2w0zm3hvx1elcv3d2la4d2rtc781lbcx','OWVlMmI0YzY5ODI5ZjFkZmM0ZDA0OTcyNDRlNzlmNGU5Nzk3ZTU2MDp7Il9hdXRoX3VzZXJfaWQiOiIxIiwiX2F1dGhfdXNlcl9iYWNrZW5kIjoiZGphbmdvLmNvbnRyaWIuYXV0aC5iYWNrZW5kcy5Nb2RlbEJhY2tlbmQiLCJfYXV0aF91c2VyX2hhc2giOiI0YTc5ODIwYzVlNzllZGQ0Y2U4ZDgxNjVlNThlYTdhNzZkMWE4NDY2In0=','2020-06-22 08:25:59.369035'),
	('34ugnwg3y4aguqsjxs5yf5f6xgbxy6kr','OWVlMmI0YzY5ODI5ZjFkZmM0ZDA0OTcyNDRlNzlmNGU5Nzk3ZTU2MDp7Il9hdXRoX3VzZXJfaWQiOiIxIiwiX2F1dGhfdXNlcl9iYWNrZW5kIjoiZGphbmdvLmNvbnRyaWIuYXV0aC5iYWNrZW5kcy5Nb2RlbEJhY2tlbmQiLCJfYXV0aF91c2VyX2hhc2giOiI0YTc5ODIwYzVlNzllZGQ0Y2U4ZDgxNjVlNThlYTdhNzZkMWE4NDY2In0=','2020-07-09 07:32:55.818449'),
	('358j82417bn9yozluqkr858zrnxd66p3','OWVlMmI0YzY5ODI5ZjFkZmM0ZDA0OTcyNDRlNzlmNGU5Nzk3ZTU2MDp7Il9hdXRoX3VzZXJfaWQiOiIxIiwiX2F1dGhfdXNlcl9iYWNrZW5kIjoiZGphbmdvLmNvbnRyaWIuYXV0aC5iYWNrZW5kcy5Nb2RlbEJhY2tlbmQiLCJfYXV0aF91c2VyX2hhc2giOiI0YTc5ODIwYzVlNzllZGQ0Y2U4ZDgxNjVlNThlYTdhNzZkMWE4NDY2In0=','2020-06-21 09:43:14.845666'),
	('35s3xnre0b60u9unua1jdp7difsyvxqt','YmEzY2YwNjZiZDQ4Mjg5ZmE3ZDI3N2RkMmZjMzE1NTIwYjVlNzU4Njp7Il9hdXRoX3VzZXJfaWQiOiI4IiwiX2F1dGhfdXNlcl9iYWNrZW5kIjoiZGphbmdvLmNvbnRyaWIuYXV0aC5iYWNrZW5kcy5Nb2RlbEJhY2tlbmQiLCJfYXV0aF91c2VyX2hhc2giOiI3ZTBjOWJkMjc4NGNmYWE2ZGIzN2FkNzFjOTg5M2Y1Mjg0ZDI2NmVlIn0=','2020-06-27 10:19:18.077661'),
	('36mtkgrg45whqxrhkmtnygtby07vktzk','OWVlMmI0YzY5ODI5ZjFkZmM0ZDA0OTcyNDRlNzlmNGU5Nzk3ZTU2MDp7Il9hdXRoX3VzZXJfaWQiOiIxIiwiX2F1dGhfdXNlcl9iYWNrZW5kIjoiZGphbmdvLmNvbnRyaWIuYXV0aC5iYWNrZW5kcy5Nb2RlbEJhY2tlbmQiLCJfYXV0aF91c2VyX2hhc2giOiI0YTc5ODIwYzVlNzllZGQ0Y2U4ZDgxNjVlNThlYTdhNzZkMWE4NDY2In0=','2020-06-23 10:37:32.560196'),
	('3cwycp1sdbjh27ur79c4fduua6tpgynr','OWVlMmI0YzY5ODI5ZjFkZmM0ZDA0OTcyNDRlNzlmNGU5Nzk3ZTU2MDp7Il9hdXRoX3VzZXJfaWQiOiIxIiwiX2F1dGhfdXNlcl9iYWNrZW5kIjoiZGphbmdvLmNvbnRyaWIuYXV0aC5iYWNrZW5kcy5Nb2RlbEJhY2tlbmQiLCJfYXV0aF91c2VyX2hhc2giOiI0YTc5ODIwYzVlNzllZGQ0Y2U4ZDgxNjVlNThlYTdhNzZkMWE4NDY2In0=','2020-06-21 10:02:30.546331'),
	('3di55l5lc0oo3r05cv1r95hz1x87v8m5','OWVlMmI0YzY5ODI5ZjFkZmM0ZDA0OTcyNDRlNzlmNGU5Nzk3ZTU2MDp7Il9hdXRoX3VzZXJfaWQiOiIxIiwiX2F1dGhfdXNlcl9iYWNrZW5kIjoiZGphbmdvLmNvbnRyaWIuYXV0aC5iYWNrZW5kcy5Nb2RlbEJhY2tlbmQiLCJfYXV0aF91c2VyX2hhc2giOiI0YTc5ODIwYzVlNzllZGQ0Y2U4ZDgxNjVlNThlYTdhNzZkMWE4NDY2In0=','2020-06-21 08:45:35.721869'),
	('3fipsxv01rgo64zccqhvyaf8yg824a3d','OWVlMmI0YzY5ODI5ZjFkZmM0ZDA0OTcyNDRlNzlmNGU5Nzk3ZTU2MDp7Il9hdXRoX3VzZXJfaWQiOiIxIiwiX2F1dGhfdXNlcl9iYWNrZW5kIjoiZGphbmdvLmNvbnRyaWIuYXV0aC5iYWNrZW5kcy5Nb2RlbEJhY2tlbmQiLCJfYXV0aF91c2VyX2hhc2giOiI0YTc5ODIwYzVlNzllZGQ0Y2U4ZDgxNjVlNThlYTdhNzZkMWE4NDY2In0=','2020-06-27 06:30:27.482321'),
	('3gxc9oij8myhpskhe7uaydi2kyp603qf','MDI5YTg3Yzc4OTk0MmYwYjgwNGVhYTA2NWY3OGM3M2RlZmY1ZjM0NDp7Il9hdXRoX3VzZXJfaWQiOiIyIiwiX2F1dGhfdXNlcl9iYWNrZW5kIjoiZGphbmdvLmNvbnRyaWIuYXV0aC5iYWNrZW5kcy5Nb2RlbEJhY2tlbmQiLCJfYXV0aF91c2VyX2hhc2giOiI4ODNjNjhjODUzMzRlNjExMTc5MTMyZjhkY2Y4MzQ2MDVlZmY0N2MxIn0=','2020-06-21 08:25:07.823211'),
	('3igq4wy7j2tc7c8zfv6qox568dmxo3xz','MmYyMDM3YzFkMjI2Yzk1MTEyYzhlNTg1Yjc1MDRhODdiMzljOTkwMDp7Il9hdXRoX3VzZXJfaWQiOiIyIiwiX2F1dGhfdXNlcl9iYWNrZW5kIjoiZGphbmdvLmNvbnRyaWIuYXV0aC5iYWNrZW5kcy5Nb2RlbEJhY2tlbmQiLCJfYXV0aF91c2VyX2hhc2giOiJjZTM1OWZiOTMxYTRjMGVkZWY1MmJjZmQ0NmE5MWY3OTg3ZWNiZjMxIn0=','2020-07-01 10:18:13.892177'),
	('3isnnegq4gfdofqq35oy75d32ytr5q9z','OWVlMmI0YzY5ODI5ZjFkZmM0ZDA0OTcyNDRlNzlmNGU5Nzk3ZTU2MDp7Il9hdXRoX3VzZXJfaWQiOiIxIiwiX2F1dGhfdXNlcl9iYWNrZW5kIjoiZGphbmdvLmNvbnRyaWIuYXV0aC5iYWNrZW5kcy5Nb2RlbEJhY2tlbmQiLCJfYXV0aF91c2VyX2hhc2giOiI0YTc5ODIwYzVlNzllZGQ0Y2U4ZDgxNjVlNThlYTdhNzZkMWE4NDY2In0=','2020-07-09 09:33:09.319956'),
	('3mk6sr5ennqvp4m0cra5upu9t8sk1pg8','OWVlMmI0YzY5ODI5ZjFkZmM0ZDA0OTcyNDRlNzlmNGU5Nzk3ZTU2MDp7Il9hdXRoX3VzZXJfaWQiOiIxIiwiX2F1dGhfdXNlcl9iYWNrZW5kIjoiZGphbmdvLmNvbnRyaWIuYXV0aC5iYWNrZW5kcy5Nb2RlbEJhY2tlbmQiLCJfYXV0aF91c2VyX2hhc2giOiI0YTc5ODIwYzVlNzllZGQ0Y2U4ZDgxNjVlNThlYTdhNzZkMWE4NDY2In0=','2020-06-26 04:09:19.397034'),
	('3mlscicp4x1cju9hvski787huvoki6hi','OWVlMmI0YzY5ODI5ZjFkZmM0ZDA0OTcyNDRlNzlmNGU5Nzk3ZTU2MDp7Il9hdXRoX3VzZXJfaWQiOiIxIiwiX2F1dGhfdXNlcl9iYWNrZW5kIjoiZGphbmdvLmNvbnRyaWIuYXV0aC5iYWNrZW5kcy5Nb2RlbEJhY2tlbmQiLCJfYXV0aF91c2VyX2hhc2giOiI0YTc5ODIwYzVlNzllZGQ0Y2U4ZDgxNjVlNThlYTdhNzZkMWE4NDY2In0=','2020-07-09 09:39:22.553897'),
	('3stn0axssweg743kiad56ax7atjz3xtp','OWVlMmI0YzY5ODI5ZjFkZmM0ZDA0OTcyNDRlNzlmNGU5Nzk3ZTU2MDp7Il9hdXRoX3VzZXJfaWQiOiIxIiwiX2F1dGhfdXNlcl9iYWNrZW5kIjoiZGphbmdvLmNvbnRyaWIuYXV0aC5iYWNrZW5kcy5Nb2RlbEJhY2tlbmQiLCJfYXV0aF91c2VyX2hhc2giOiI0YTc5ODIwYzVlNzllZGQ0Y2U4ZDgxNjVlNThlYTdhNzZkMWE4NDY2In0=','2020-06-25 02:34:24.300439'),
	('3urqax1wyhdtgiwose45k9sjej5aw151','OWVlMmI0YzY5ODI5ZjFkZmM0ZDA0OTcyNDRlNzlmNGU5Nzk3ZTU2MDp7Il9hdXRoX3VzZXJfaWQiOiIxIiwiX2F1dGhfdXNlcl9iYWNrZW5kIjoiZGphbmdvLmNvbnRyaWIuYXV0aC5iYWNrZW5kcy5Nb2RlbEJhY2tlbmQiLCJfYXV0aF91c2VyX2hhc2giOiI0YTc5ODIwYzVlNzllZGQ0Y2U4ZDgxNjVlNThlYTdhNzZkMWE4NDY2In0=','2020-06-25 07:47:15.202851'),
	('3wojrioy2ulocieiaro0mitph8licg86','OWVlMmI0YzY5ODI5ZjFkZmM0ZDA0OTcyNDRlNzlmNGU5Nzk3ZTU2MDp7Il9hdXRoX3VzZXJfaWQiOiIxIiwiX2F1dGhfdXNlcl9iYWNrZW5kIjoiZGphbmdvLmNvbnRyaWIuYXV0aC5iYWNrZW5kcy5Nb2RlbEJhY2tlbmQiLCJfYXV0aF91c2VyX2hhc2giOiI0YTc5ODIwYzVlNzllZGQ0Y2U4ZDgxNjVlNThlYTdhNzZkMWE4NDY2In0=','2020-06-25 10:21:27.586387'),
	('3ybym1oqprzhvgn77zo76k5os5kch6ky','OWVlMmI0YzY5ODI5ZjFkZmM0ZDA0OTcyNDRlNzlmNGU5Nzk3ZTU2MDp7Il9hdXRoX3VzZXJfaWQiOiIxIiwiX2F1dGhfdXNlcl9iYWNrZW5kIjoiZGphbmdvLmNvbnRyaWIuYXV0aC5iYWNrZW5kcy5Nb2RlbEJhY2tlbmQiLCJfYXV0aF91c2VyX2hhc2giOiI0YTc5ODIwYzVlNzllZGQ0Y2U4ZDgxNjVlNThlYTdhNzZkMWE4NDY2In0=','2020-06-27 14:17:09.415638'),
	('3yh4umfe5i88ydqfj8nexf3fnuvttxdi','OWVlMmI0YzY5ODI5ZjFkZmM0ZDA0OTcyNDRlNzlmNGU5Nzk3ZTU2MDp7Il9hdXRoX3VzZXJfaWQiOiIxIiwiX2F1dGhfdXNlcl9iYWNrZW5kIjoiZGphbmdvLmNvbnRyaWIuYXV0aC5iYWNrZW5kcy5Nb2RlbEJhY2tlbmQiLCJfYXV0aF91c2VyX2hhc2giOiI0YTc5ODIwYzVlNzllZGQ0Y2U4ZDgxNjVlNThlYTdhNzZkMWE4NDY2In0=','2020-06-26 06:48:16.275540'),
	('42nxltwqqlctci4uuu8hzng12rr8omhb','OWVlMmI0YzY5ODI5ZjFkZmM0ZDA0OTcyNDRlNzlmNGU5Nzk3ZTU2MDp7Il9hdXRoX3VzZXJfaWQiOiIxIiwiX2F1dGhfdXNlcl9iYWNrZW5kIjoiZGphbmdvLmNvbnRyaWIuYXV0aC5iYWNrZW5kcy5Nb2RlbEJhY2tlbmQiLCJfYXV0aF91c2VyX2hhc2giOiI0YTc5ODIwYzVlNzllZGQ0Y2U4ZDgxNjVlNThlYTdhNzZkMWE4NDY2In0=','2020-06-21 10:09:31.117632'),
	('45ehmr3ynkr8ouak8uc7v9qryxow0c1y','OWVlMmI0YzY5ODI5ZjFkZmM0ZDA0OTcyNDRlNzlmNGU5Nzk3ZTU2MDp7Il9hdXRoX3VzZXJfaWQiOiIxIiwiX2F1dGhfdXNlcl9iYWNrZW5kIjoiZGphbmdvLmNvbnRyaWIuYXV0aC5iYWNrZW5kcy5Nb2RlbEJhY2tlbmQiLCJfYXV0aF91c2VyX2hhc2giOiI0YTc5ODIwYzVlNzllZGQ0Y2U4ZDgxNjVlNThlYTdhNzZkMWE4NDY2In0=','2020-06-27 19:12:35.318433'),
	('45n71sxcjlqw13de1hiuy9dohfwgr3te','OWVlMmI0YzY5ODI5ZjFkZmM0ZDA0OTcyNDRlNzlmNGU5Nzk3ZTU2MDp7Il9hdXRoX3VzZXJfaWQiOiIxIiwiX2F1dGhfdXNlcl9iYWNrZW5kIjoiZGphbmdvLmNvbnRyaWIuYXV0aC5iYWNrZW5kcy5Nb2RlbEJhY2tlbmQiLCJfYXV0aF91c2VyX2hhc2giOiI0YTc5ODIwYzVlNzllZGQ0Y2U4ZDgxNjVlNThlYTdhNzZkMWE4NDY2In0=','2020-06-26 06:14:25.728026'),
	('461wo6mbckwvpl2iclyubii13ks1uszy','OWVlMmI0YzY5ODI5ZjFkZmM0ZDA0OTcyNDRlNzlmNGU5Nzk3ZTU2MDp7Il9hdXRoX3VzZXJfaWQiOiIxIiwiX2F1dGhfdXNlcl9iYWNrZW5kIjoiZGphbmdvLmNvbnRyaWIuYXV0aC5iYWNrZW5kcy5Nb2RlbEJhY2tlbmQiLCJfYXV0aF91c2VyX2hhc2giOiI0YTc5ODIwYzVlNzllZGQ0Y2U4ZDgxNjVlNThlYTdhNzZkMWE4NDY2In0=','2020-06-23 09:26:00.673956'),
	('49pty53n9hdafd9owaf2jkhuftdcy0v4','OWVlMmI0YzY5ODI5ZjFkZmM0ZDA0OTcyNDRlNzlmNGU5Nzk3ZTU2MDp7Il9hdXRoX3VzZXJfaWQiOiIxIiwiX2F1dGhfdXNlcl9iYWNrZW5kIjoiZGphbmdvLmNvbnRyaWIuYXV0aC5iYWNrZW5kcy5Nb2RlbEJhY2tlbmQiLCJfYXV0aF91c2VyX2hhc2giOiI0YTc5ODIwYzVlNzllZGQ0Y2U4ZDgxNjVlNThlYTdhNzZkMWE4NDY2In0=','2020-06-27 14:21:30.915823'),
	('4cjg1phe36aazfvofwmrmqv532fxa0x2','MmYyMDM3YzFkMjI2Yzk1MTEyYzhlNTg1Yjc1MDRhODdiMzljOTkwMDp7Il9hdXRoX3VzZXJfaWQiOiIyIiwiX2F1dGhfdXNlcl9iYWNrZW5kIjoiZGphbmdvLmNvbnRyaWIuYXV0aC5iYWNrZW5kcy5Nb2RlbEJhY2tlbmQiLCJfYXV0aF91c2VyX2hhc2giOiJjZTM1OWZiOTMxYTRjMGVkZWY1MmJjZmQ0NmE5MWY3OTg3ZWNiZjMxIn0=','2020-06-25 09:38:16.130201'),
	('4etfmc5pao6eb2yvyeqggney3fsdtto2','OWVlMmI0YzY5ODI5ZjFkZmM0ZDA0OTcyNDRlNzlmNGU5Nzk3ZTU2MDp7Il9hdXRoX3VzZXJfaWQiOiIxIiwiX2F1dGhfdXNlcl9iYWNrZW5kIjoiZGphbmdvLmNvbnRyaWIuYXV0aC5iYWNrZW5kcy5Nb2RlbEJhY2tlbmQiLCJfYXV0aF91c2VyX2hhc2giOiI0YTc5ODIwYzVlNzllZGQ0Y2U4ZDgxNjVlNThlYTdhNzZkMWE4NDY2In0=','2020-07-04 05:56:08.764036'),
	('4hx4p3951uijmrsbbahncdmzvc8xw0ky','OWVlMmI0YzY5ODI5ZjFkZmM0ZDA0OTcyNDRlNzlmNGU5Nzk3ZTU2MDp7Il9hdXRoX3VzZXJfaWQiOiIxIiwiX2F1dGhfdXNlcl9iYWNrZW5kIjoiZGphbmdvLmNvbnRyaWIuYXV0aC5iYWNrZW5kcy5Nb2RlbEJhY2tlbmQiLCJfYXV0aF91c2VyX2hhc2giOiI0YTc5ODIwYzVlNzllZGQ0Y2U4ZDgxNjVlNThlYTdhNzZkMWE4NDY2In0=','2020-07-11 04:47:33.911990'),
	('4ia5w9vlu50ewpv3q49jpeyx1hjyferq','OWVlMmI0YzY5ODI5ZjFkZmM0ZDA0OTcyNDRlNzlmNGU5Nzk3ZTU2MDp7Il9hdXRoX3VzZXJfaWQiOiIxIiwiX2F1dGhfdXNlcl9iYWNrZW5kIjoiZGphbmdvLmNvbnRyaWIuYXV0aC5iYWNrZW5kcy5Nb2RlbEJhY2tlbmQiLCJfYXV0aF91c2VyX2hhc2giOiI0YTc5ODIwYzVlNzllZGQ0Y2U4ZDgxNjVlNThlYTdhNzZkMWE4NDY2In0=','2020-06-26 05:52:07.780792'),
	('4jr7y8xz23hfa7rwjky5u3p9pjz3m4l3','OWVlMmI0YzY5ODI5ZjFkZmM0ZDA0OTcyNDRlNzlmNGU5Nzk3ZTU2MDp7Il9hdXRoX3VzZXJfaWQiOiIxIiwiX2F1dGhfdXNlcl9iYWNrZW5kIjoiZGphbmdvLmNvbnRyaWIuYXV0aC5iYWNrZW5kcy5Nb2RlbEJhY2tlbmQiLCJfYXV0aF91c2VyX2hhc2giOiI0YTc5ODIwYzVlNzllZGQ0Y2U4ZDgxNjVlNThlYTdhNzZkMWE4NDY2In0=','2020-07-09 07:17:23.449757'),
	('4jzzff5h1d560n32b2uudz3q485r7rjc','OWVlMmI0YzY5ODI5ZjFkZmM0ZDA0OTcyNDRlNzlmNGU5Nzk3ZTU2MDp7Il9hdXRoX3VzZXJfaWQiOiIxIiwiX2F1dGhfdXNlcl9iYWNrZW5kIjoiZGphbmdvLmNvbnRyaWIuYXV0aC5iYWNrZW5kcy5Nb2RlbEJhY2tlbmQiLCJfYXV0aF91c2VyX2hhc2giOiI0YTc5ODIwYzVlNzllZGQ0Y2U4ZDgxNjVlNThlYTdhNzZkMWE4NDY2In0=','2020-06-27 14:36:51.719161'),
	('4ltqtkai3e9ybtjg28dz8jv8c971hyzj','OWVlMmI0YzY5ODI5ZjFkZmM0ZDA0OTcyNDRlNzlmNGU5Nzk3ZTU2MDp7Il9hdXRoX3VzZXJfaWQiOiIxIiwiX2F1dGhfdXNlcl9iYWNrZW5kIjoiZGphbmdvLmNvbnRyaWIuYXV0aC5iYWNrZW5kcy5Nb2RlbEJhY2tlbmQiLCJfYXV0aF91c2VyX2hhc2giOiI0YTc5ODIwYzVlNzllZGQ0Y2U4ZDgxNjVlNThlYTdhNzZkMWE4NDY2In0=','2020-06-27 14:59:33.435555'),
	('4rvv5td0vcx4glns5gvg44yxbjx924zk','OWVlMmI0YzY5ODI5ZjFkZmM0ZDA0OTcyNDRlNzlmNGU5Nzk3ZTU2MDp7Il9hdXRoX3VzZXJfaWQiOiIxIiwiX2F1dGhfdXNlcl9iYWNrZW5kIjoiZGphbmdvLmNvbnRyaWIuYXV0aC5iYWNrZW5kcy5Nb2RlbEJhY2tlbmQiLCJfYXV0aF91c2VyX2hhc2giOiI0YTc5ODIwYzVlNzllZGQ0Y2U4ZDgxNjVlNThlYTdhNzZkMWE4NDY2In0=','2020-06-27 07:06:07.845030'),
	('4vl85kawdx0mmgrj60pz31nxj1fao1x1','OWVlMmI0YzY5ODI5ZjFkZmM0ZDA0OTcyNDRlNzlmNGU5Nzk3ZTU2MDp7Il9hdXRoX3VzZXJfaWQiOiIxIiwiX2F1dGhfdXNlcl9iYWNrZW5kIjoiZGphbmdvLmNvbnRyaWIuYXV0aC5iYWNrZW5kcy5Nb2RlbEJhY2tlbmQiLCJfYXV0aF91c2VyX2hhc2giOiI0YTc5ODIwYzVlNzllZGQ0Y2U4ZDgxNjVlNThlYTdhNzZkMWE4NDY2In0=','2020-06-27 11:40:11.205526'),
	('4wtgmmoa48tvxip92di0e56rxfy1h508','OWVlMmI0YzY5ODI5ZjFkZmM0ZDA0OTcyNDRlNzlmNGU5Nzk3ZTU2MDp7Il9hdXRoX3VzZXJfaWQiOiIxIiwiX2F1dGhfdXNlcl9iYWNrZW5kIjoiZGphbmdvLmNvbnRyaWIuYXV0aC5iYWNrZW5kcy5Nb2RlbEJhY2tlbmQiLCJfYXV0aF91c2VyX2hhc2giOiI0YTc5ODIwYzVlNzllZGQ0Y2U4ZDgxNjVlNThlYTdhNzZkMWE4NDY2In0=','2020-07-09 09:37:07.079852'),
	('4yghuu7q8sqcevep1yorbxrdjfcx4cqi','OWVlMmI0YzY5ODI5ZjFkZmM0ZDA0OTcyNDRlNzlmNGU5Nzk3ZTU2MDp7Il9hdXRoX3VzZXJfaWQiOiIxIiwiX2F1dGhfdXNlcl9iYWNrZW5kIjoiZGphbmdvLmNvbnRyaWIuYXV0aC5iYWNrZW5kcy5Nb2RlbEJhY2tlbmQiLCJfYXV0aF91c2VyX2hhc2giOiI0YTc5ODIwYzVlNzllZGQ0Y2U4ZDgxNjVlNThlYTdhNzZkMWE4NDY2In0=','2020-06-23 08:54:12.101938'),
	('5061g35xuw8jt8xwfr4xk74hsgazd1dz','OWVlMmI0YzY5ODI5ZjFkZmM0ZDA0OTcyNDRlNzlmNGU5Nzk3ZTU2MDp7Il9hdXRoX3VzZXJfaWQiOiIxIiwiX2F1dGhfdXNlcl9iYWNrZW5kIjoiZGphbmdvLmNvbnRyaWIuYXV0aC5iYWNrZW5kcy5Nb2RlbEJhY2tlbmQiLCJfYXV0aF91c2VyX2hhc2giOiI0YTc5ODIwYzVlNzllZGQ0Y2U4ZDgxNjVlNThlYTdhNzZkMWE4NDY2In0=','2020-06-21 10:23:20.259428'),
	('52im3504r9jiqfkv6ip4bzj2q0swwmqe','OWVlMmI0YzY5ODI5ZjFkZmM0ZDA0OTcyNDRlNzlmNGU5Nzk3ZTU2MDp7Il9hdXRoX3VzZXJfaWQiOiIxIiwiX2F1dGhfdXNlcl9iYWNrZW5kIjoiZGphbmdvLmNvbnRyaWIuYXV0aC5iYWNrZW5kcy5Nb2RlbEJhY2tlbmQiLCJfYXV0aF91c2VyX2hhc2giOiI0YTc5ODIwYzVlNzllZGQ0Y2U4ZDgxNjVlNThlYTdhNzZkMWE4NDY2In0=','2020-07-11 05:58:13.698010'),
	('54uezoq841kot1jyo2e0oee71t50kea3','OWVlMmI0YzY5ODI5ZjFkZmM0ZDA0OTcyNDRlNzlmNGU5Nzk3ZTU2MDp7Il9hdXRoX3VzZXJfaWQiOiIxIiwiX2F1dGhfdXNlcl9iYWNrZW5kIjoiZGphbmdvLmNvbnRyaWIuYXV0aC5iYWNrZW5kcy5Nb2RlbEJhY2tlbmQiLCJfYXV0aF91c2VyX2hhc2giOiI0YTc5ODIwYzVlNzllZGQ0Y2U4ZDgxNjVlNThlYTdhNzZkMWE4NDY2In0=','2020-06-25 08:00:47.025400'),
	('55nd5hgqcttez6xgrvoohy9r4f30o88b','OWVlMmI0YzY5ODI5ZjFkZmM0ZDA0OTcyNDRlNzlmNGU5Nzk3ZTU2MDp7Il9hdXRoX3VzZXJfaWQiOiIxIiwiX2F1dGhfdXNlcl9iYWNrZW5kIjoiZGphbmdvLmNvbnRyaWIuYXV0aC5iYWNrZW5kcy5Nb2RlbEJhY2tlbmQiLCJfYXV0aF91c2VyX2hhc2giOiI0YTc5ODIwYzVlNzllZGQ0Y2U4ZDgxNjVlNThlYTdhNzZkMWE4NDY2In0=','2020-06-26 06:00:01.373966'),
	('57gisd97shbbz12w05c1tfe329epxv9z','OWVlMmI0YzY5ODI5ZjFkZmM0ZDA0OTcyNDRlNzlmNGU5Nzk3ZTU2MDp7Il9hdXRoX3VzZXJfaWQiOiIxIiwiX2F1dGhfdXNlcl9iYWNrZW5kIjoiZGphbmdvLmNvbnRyaWIuYXV0aC5iYWNrZW5kcy5Nb2RlbEJhY2tlbmQiLCJfYXV0aF91c2VyX2hhc2giOiI0YTc5ODIwYzVlNzllZGQ0Y2U4ZDgxNjVlNThlYTdhNzZkMWE4NDY2In0=','2020-06-25 06:59:28.717122'),
	('57mvwvf0owborvbcq0h3pcwqctj7p3e5','OWVlMmI0YzY5ODI5ZjFkZmM0ZDA0OTcyNDRlNzlmNGU5Nzk3ZTU2MDp7Il9hdXRoX3VzZXJfaWQiOiIxIiwiX2F1dGhfdXNlcl9iYWNrZW5kIjoiZGphbmdvLmNvbnRyaWIuYXV0aC5iYWNrZW5kcy5Nb2RlbEJhY2tlbmQiLCJfYXV0aF91c2VyX2hhc2giOiI0YTc5ODIwYzVlNzllZGQ0Y2U4ZDgxNjVlNThlYTdhNzZkMWE4NDY2In0=','2020-06-21 09:52:38.570633'),
	('57n9ry7kggbvu2qve5z9mvlnbbj30ysf','OWVlMmI0YzY5ODI5ZjFkZmM0ZDA0OTcyNDRlNzlmNGU5Nzk3ZTU2MDp7Il9hdXRoX3VzZXJfaWQiOiIxIiwiX2F1dGhfdXNlcl9iYWNrZW5kIjoiZGphbmdvLmNvbnRyaWIuYXV0aC5iYWNrZW5kcy5Nb2RlbEJhY2tlbmQiLCJfYXV0aF91c2VyX2hhc2giOiI0YTc5ODIwYzVlNzllZGQ0Y2U4ZDgxNjVlNThlYTdhNzZkMWE4NDY2In0=','2020-06-25 08:11:08.140204'),
	('5j16un8xpsb4r5jw070dzj0bgc5lv0m7','OWVlMmI0YzY5ODI5ZjFkZmM0ZDA0OTcyNDRlNzlmNGU5Nzk3ZTU2MDp7Il9hdXRoX3VzZXJfaWQiOiIxIiwiX2F1dGhfdXNlcl9iYWNrZW5kIjoiZGphbmdvLmNvbnRyaWIuYXV0aC5iYWNrZW5kcy5Nb2RlbEJhY2tlbmQiLCJfYXV0aF91c2VyX2hhc2giOiI0YTc5ODIwYzVlNzllZGQ0Y2U4ZDgxNjVlNThlYTdhNzZkMWE4NDY2In0=','2020-07-11 03:26:50.673232'),
	('5jdur5rufwqdtd07k7ri3ifynmttapn5','OWVlMmI0YzY5ODI5ZjFkZmM0ZDA0OTcyNDRlNzlmNGU5Nzk3ZTU2MDp7Il9hdXRoX3VzZXJfaWQiOiIxIiwiX2F1dGhfdXNlcl9iYWNrZW5kIjoiZGphbmdvLmNvbnRyaWIuYXV0aC5iYWNrZW5kcy5Nb2RlbEJhY2tlbmQiLCJfYXV0aF91c2VyX2hhc2giOiI0YTc5ODIwYzVlNzllZGQ0Y2U4ZDgxNjVlNThlYTdhNzZkMWE4NDY2In0=','2020-06-27 05:52:22.025022'),
	('5of2u65ytqd8krqu2ewldl9r7bcoagv4','OWVlMmI0YzY5ODI5ZjFkZmM0ZDA0OTcyNDRlNzlmNGU5Nzk3ZTU2MDp7Il9hdXRoX3VzZXJfaWQiOiIxIiwiX2F1dGhfdXNlcl9iYWNrZW5kIjoiZGphbmdvLmNvbnRyaWIuYXV0aC5iYWNrZW5kcy5Nb2RlbEJhY2tlbmQiLCJfYXV0aF91c2VyX2hhc2giOiI0YTc5ODIwYzVlNzllZGQ0Y2U4ZDgxNjVlNThlYTdhNzZkMWE4NDY2In0=','2020-06-23 10:34:27.924428'),
	('5q213827sw8bl087fjzh1lqyjz0rkklu','MmYyMDM3YzFkMjI2Yzk1MTEyYzhlNTg1Yjc1MDRhODdiMzljOTkwMDp7Il9hdXRoX3VzZXJfaWQiOiIyIiwiX2F1dGhfdXNlcl9iYWNrZW5kIjoiZGphbmdvLmNvbnRyaWIuYXV0aC5iYWNrZW5kcy5Nb2RlbEJhY2tlbmQiLCJfYXV0aF91c2VyX2hhc2giOiJjZTM1OWZiOTMxYTRjMGVkZWY1MmJjZmQ0NmE5MWY3OTg3ZWNiZjMxIn0=','2020-06-25 09:11:53.409621'),
	('5r256ikn3qz41uben7k9zsxrrxfyepyn','OWVlMmI0YzY5ODI5ZjFkZmM0ZDA0OTcyNDRlNzlmNGU5Nzk3ZTU2MDp7Il9hdXRoX3VzZXJfaWQiOiIxIiwiX2F1dGhfdXNlcl9iYWNrZW5kIjoiZGphbmdvLmNvbnRyaWIuYXV0aC5iYWNrZW5kcy5Nb2RlbEJhY2tlbmQiLCJfYXV0aF91c2VyX2hhc2giOiI0YTc5ODIwYzVlNzllZGQ0Y2U4ZDgxNjVlNThlYTdhNzZkMWE4NDY2In0=','2020-06-27 06:33:30.853786'),
	('5rr14aup1pt06w7rt5fxe2p8kgs7tgdy','OWVlMmI0YzY5ODI5ZjFkZmM0ZDA0OTcyNDRlNzlmNGU5Nzk3ZTU2MDp7Il9hdXRoX3VzZXJfaWQiOiIxIiwiX2F1dGhfdXNlcl9iYWNrZW5kIjoiZGphbmdvLmNvbnRyaWIuYXV0aC5iYWNrZW5kcy5Nb2RlbEJhY2tlbmQiLCJfYXV0aF91c2VyX2hhc2giOiI0YTc5ODIwYzVlNzllZGQ0Y2U4ZDgxNjVlNThlYTdhNzZkMWE4NDY2In0=','2020-07-11 06:32:24.800130'),
	('5stgltaqul71nnzcz1akn5xx6vhm5jgc','OWVlMmI0YzY5ODI5ZjFkZmM0ZDA0OTcyNDRlNzlmNGU5Nzk3ZTU2MDp7Il9hdXRoX3VzZXJfaWQiOiIxIiwiX2F1dGhfdXNlcl9iYWNrZW5kIjoiZGphbmdvLmNvbnRyaWIuYXV0aC5iYWNrZW5kcy5Nb2RlbEJhY2tlbmQiLCJfYXV0aF91c2VyX2hhc2giOiI0YTc5ODIwYzVlNzllZGQ0Y2U4ZDgxNjVlNThlYTdhNzZkMWE4NDY2In0=','2020-06-26 06:43:48.083107'),
	('5tc1yer61yk3uikxe8owqdfnxgxy5gxn','OWVlMmI0YzY5ODI5ZjFkZmM0ZDA0OTcyNDRlNzlmNGU5Nzk3ZTU2MDp7Il9hdXRoX3VzZXJfaWQiOiIxIiwiX2F1dGhfdXNlcl9iYWNrZW5kIjoiZGphbmdvLmNvbnRyaWIuYXV0aC5iYWNrZW5kcy5Nb2RlbEJhY2tlbmQiLCJfYXV0aF91c2VyX2hhc2giOiI0YTc5ODIwYzVlNzllZGQ0Y2U4ZDgxNjVlNThlYTdhNzZkMWE4NDY2In0=','2020-07-09 09:35:36.454417'),
	('5ux7bh93v4dyoye29o0yqfhhi0dtk84a','OWVlMmI0YzY5ODI5ZjFkZmM0ZDA0OTcyNDRlNzlmNGU5Nzk3ZTU2MDp7Il9hdXRoX3VzZXJfaWQiOiIxIiwiX2F1dGhfdXNlcl9iYWNrZW5kIjoiZGphbmdvLmNvbnRyaWIuYXV0aC5iYWNrZW5kcy5Nb2RlbEJhY2tlbmQiLCJfYXV0aF91c2VyX2hhc2giOiI0YTc5ODIwYzVlNzllZGQ0Y2U4ZDgxNjVlNThlYTdhNzZkMWE4NDY2In0=','2020-06-22 07:58:10.781683'),
	('5w9742f47h5oxgto100qy1rvmofidyox','OWVlMmI0YzY5ODI5ZjFkZmM0ZDA0OTcyNDRlNzlmNGU5Nzk3ZTU2MDp7Il9hdXRoX3VzZXJfaWQiOiIxIiwiX2F1dGhfdXNlcl9iYWNrZW5kIjoiZGphbmdvLmNvbnRyaWIuYXV0aC5iYWNrZW5kcy5Nb2RlbEJhY2tlbmQiLCJfYXV0aF91c2VyX2hhc2giOiI0YTc5ODIwYzVlNzllZGQ0Y2U4ZDgxNjVlNThlYTdhNzZkMWE4NDY2In0=','2020-06-24 07:53:10.985502'),
	('5zws0qiem846xgvipfj4bzpvoz25e3lu','OWVlMmI0YzY5ODI5ZjFkZmM0ZDA0OTcyNDRlNzlmNGU5Nzk3ZTU2MDp7Il9hdXRoX3VzZXJfaWQiOiIxIiwiX2F1dGhfdXNlcl9iYWNrZW5kIjoiZGphbmdvLmNvbnRyaWIuYXV0aC5iYWNrZW5kcy5Nb2RlbEJhY2tlbmQiLCJfYXV0aF91c2VyX2hhc2giOiI0YTc5ODIwYzVlNzllZGQ0Y2U4ZDgxNjVlNThlYTdhNzZkMWE4NDY2In0=','2020-07-09 07:44:38.399830'),
	('65bu2gzfq05kg7olk63rwngi76oxk44f','OWVlMmI0YzY5ODI5ZjFkZmM0ZDA0OTcyNDRlNzlmNGU5Nzk3ZTU2MDp7Il9hdXRoX3VzZXJfaWQiOiIxIiwiX2F1dGhfdXNlcl9iYWNrZW5kIjoiZGphbmdvLmNvbnRyaWIuYXV0aC5iYWNrZW5kcy5Nb2RlbEJhY2tlbmQiLCJfYXV0aF91c2VyX2hhc2giOiI0YTc5ODIwYzVlNzllZGQ0Y2U4ZDgxNjVlNThlYTdhNzZkMWE4NDY2In0=','2020-06-25 02:47:22.947790'),
	('6ct2dfcxkw5iglqd79upyh2tcdxapqfp','MmYyMDM3YzFkMjI2Yzk1MTEyYzhlNTg1Yjc1MDRhODdiMzljOTkwMDp7Il9hdXRoX3VzZXJfaWQiOiIyIiwiX2F1dGhfdXNlcl9iYWNrZW5kIjoiZGphbmdvLmNvbnRyaWIuYXV0aC5iYWNrZW5kcy5Nb2RlbEJhY2tlbmQiLCJfYXV0aF91c2VyX2hhc2giOiJjZTM1OWZiOTMxYTRjMGVkZWY1MmJjZmQ0NmE5MWY3OTg3ZWNiZjMxIn0=','2020-07-01 10:07:12.830878'),
	('6cu159nuilrpvzs3wkv3boozkbhmg09c','OWVlMmI0YzY5ODI5ZjFkZmM0ZDA0OTcyNDRlNzlmNGU5Nzk3ZTU2MDp7Il9hdXRoX3VzZXJfaWQiOiIxIiwiX2F1dGhfdXNlcl9iYWNrZW5kIjoiZGphbmdvLmNvbnRyaWIuYXV0aC5iYWNrZW5kcy5Nb2RlbEJhY2tlbmQiLCJfYXV0aF91c2VyX2hhc2giOiI0YTc5ODIwYzVlNzllZGQ0Y2U4ZDgxNjVlNThlYTdhNzZkMWE4NDY2In0=','2020-06-24 10:04:06.311711'),
	('6g793z9konyoam6ybbhwtq9a0m6h3er8','OWVlMmI0YzY5ODI5ZjFkZmM0ZDA0OTcyNDRlNzlmNGU5Nzk3ZTU2MDp7Il9hdXRoX3VzZXJfaWQiOiIxIiwiX2F1dGhfdXNlcl9iYWNrZW5kIjoiZGphbmdvLmNvbnRyaWIuYXV0aC5iYWNrZW5kcy5Nb2RlbEJhY2tlbmQiLCJfYXV0aF91c2VyX2hhc2giOiI0YTc5ODIwYzVlNzllZGQ0Y2U4ZDgxNjVlNThlYTdhNzZkMWE4NDY2In0=','2020-07-11 06:31:25.930834'),
	('6mrv21ycg5a3z74ueihe7yoslqgf35lc','OWVlMmI0YzY5ODI5ZjFkZmM0ZDA0OTcyNDRlNzlmNGU5Nzk3ZTU2MDp7Il9hdXRoX3VzZXJfaWQiOiIxIiwiX2F1dGhfdXNlcl9iYWNrZW5kIjoiZGphbmdvLmNvbnRyaWIuYXV0aC5iYWNrZW5kcy5Nb2RlbEJhY2tlbmQiLCJfYXV0aF91c2VyX2hhc2giOiI0YTc5ODIwYzVlNzllZGQ0Y2U4ZDgxNjVlNThlYTdhNzZkMWE4NDY2In0=','2020-06-25 10:33:40.998108'),
	('6wd6g416gdutj6xjb83bvf00me9ksm3n','OWVlMmI0YzY5ODI5ZjFkZmM0ZDA0OTcyNDRlNzlmNGU5Nzk3ZTU2MDp7Il9hdXRoX3VzZXJfaWQiOiIxIiwiX2F1dGhfdXNlcl9iYWNrZW5kIjoiZGphbmdvLmNvbnRyaWIuYXV0aC5iYWNrZW5kcy5Nb2RlbEJhY2tlbmQiLCJfYXV0aF91c2VyX2hhc2giOiI0YTc5ODIwYzVlNzllZGQ0Y2U4ZDgxNjVlNThlYTdhNzZkMWE4NDY2In0=','2020-06-27 19:10:30.420096'),
	('6y5f820dxj1yefiywcrugdwj4g71cnkw','OWVlMmI0YzY5ODI5ZjFkZmM0ZDA0OTcyNDRlNzlmNGU5Nzk3ZTU2MDp7Il9hdXRoX3VzZXJfaWQiOiIxIiwiX2F1dGhfdXNlcl9iYWNrZW5kIjoiZGphbmdvLmNvbnRyaWIuYXV0aC5iYWNrZW5kcy5Nb2RlbEJhY2tlbmQiLCJfYXV0aF91c2VyX2hhc2giOiI0YTc5ODIwYzVlNzllZGQ0Y2U4ZDgxNjVlNThlYTdhNzZkMWE4NDY2In0=','2020-06-25 10:31:37.306848'),
	('75sag83uk6e1q2r8l7cmeqs7eurz35f2','OWVlMmI0YzY5ODI5ZjFkZmM0ZDA0OTcyNDRlNzlmNGU5Nzk3ZTU2MDp7Il9hdXRoX3VzZXJfaWQiOiIxIiwiX2F1dGhfdXNlcl9iYWNrZW5kIjoiZGphbmdvLmNvbnRyaWIuYXV0aC5iYWNrZW5kcy5Nb2RlbEJhY2tlbmQiLCJfYXV0aF91c2VyX2hhc2giOiI0YTc5ODIwYzVlNzllZGQ0Y2U4ZDgxNjVlNThlYTdhNzZkMWE4NDY2In0=','2020-06-25 10:10:28.225436'),
	('76ddz3d14ohbuvaud9rows4ny7x6dz3k','OWVlMmI0YzY5ODI5ZjFkZmM0ZDA0OTcyNDRlNzlmNGU5Nzk3ZTU2MDp7Il9hdXRoX3VzZXJfaWQiOiIxIiwiX2F1dGhfdXNlcl9iYWNrZW5kIjoiZGphbmdvLmNvbnRyaWIuYXV0aC5iYWNrZW5kcy5Nb2RlbEJhY2tlbmQiLCJfYXV0aF91c2VyX2hhc2giOiI0YTc5ODIwYzVlNzllZGQ0Y2U4ZDgxNjVlNThlYTdhNzZkMWE4NDY2In0=','2020-06-27 08:08:35.443973'),
	('77tv9b8zzd8iptiqs11ysfs0qk5j86y0','OWVlMmI0YzY5ODI5ZjFkZmM0ZDA0OTcyNDRlNzlmNGU5Nzk3ZTU2MDp7Il9hdXRoX3VzZXJfaWQiOiIxIiwiX2F1dGhfdXNlcl9iYWNrZW5kIjoiZGphbmdvLmNvbnRyaWIuYXV0aC5iYWNrZW5kcy5Nb2RlbEJhY2tlbmQiLCJfYXV0aF91c2VyX2hhc2giOiI0YTc5ODIwYzVlNzllZGQ0Y2U4ZDgxNjVlNThlYTdhNzZkMWE4NDY2In0=','2020-06-26 03:51:23.872234'),
	('7c1stu00jazmq2xplkrqkzhl0l5olik4','OWVlMmI0YzY5ODI5ZjFkZmM0ZDA0OTcyNDRlNzlmNGU5Nzk3ZTU2MDp7Il9hdXRoX3VzZXJfaWQiOiIxIiwiX2F1dGhfdXNlcl9iYWNrZW5kIjoiZGphbmdvLmNvbnRyaWIuYXV0aC5iYWNrZW5kcy5Nb2RlbEJhY2tlbmQiLCJfYXV0aF91c2VyX2hhc2giOiI0YTc5ODIwYzVlNzllZGQ0Y2U4ZDgxNjVlNThlYTdhNzZkMWE4NDY2In0=','2020-06-21 07:22:49.461705'),
	('7gjte9cg6yxsxqkbzdxwduidus65umi5','OWVlMmI0YzY5ODI5ZjFkZmM0ZDA0OTcyNDRlNzlmNGU5Nzk3ZTU2MDp7Il9hdXRoX3VzZXJfaWQiOiIxIiwiX2F1dGhfdXNlcl9iYWNrZW5kIjoiZGphbmdvLmNvbnRyaWIuYXV0aC5iYWNrZW5kcy5Nb2RlbEJhY2tlbmQiLCJfYXV0aF91c2VyX2hhc2giOiI0YTc5ODIwYzVlNzllZGQ0Y2U4ZDgxNjVlNThlYTdhNzZkMWE4NDY2In0=','2020-07-11 04:56:57.796062'),
	('7h39e7fdpw6acfpwncu8f97ewx6qqgoi','OWVlMmI0YzY5ODI5ZjFkZmM0ZDA0OTcyNDRlNzlmNGU5Nzk3ZTU2MDp7Il9hdXRoX3VzZXJfaWQiOiIxIiwiX2F1dGhfdXNlcl9iYWNrZW5kIjoiZGphbmdvLmNvbnRyaWIuYXV0aC5iYWNrZW5kcy5Nb2RlbEJhY2tlbmQiLCJfYXV0aF91c2VyX2hhc2giOiI0YTc5ODIwYzVlNzllZGQ0Y2U4ZDgxNjVlNThlYTdhNzZkMWE4NDY2In0=','2020-06-25 10:32:48.963528'),
	('7mhu18zwraom759gvqy04gful0wtghe9','OWVlMmI0YzY5ODI5ZjFkZmM0ZDA0OTcyNDRlNzlmNGU5Nzk3ZTU2MDp7Il9hdXRoX3VzZXJfaWQiOiIxIiwiX2F1dGhfdXNlcl9iYWNrZW5kIjoiZGphbmdvLmNvbnRyaWIuYXV0aC5iYWNrZW5kcy5Nb2RlbEJhY2tlbmQiLCJfYXV0aF91c2VyX2hhc2giOiI0YTc5ODIwYzVlNzllZGQ0Y2U4ZDgxNjVlNThlYTdhNzZkMWE4NDY2In0=','2020-06-25 06:05:51.879147'),
	('7y529dnwbt2h4alk53v80bry71nefi6j','OWVlMmI0YzY5ODI5ZjFkZmM0ZDA0OTcyNDRlNzlmNGU5Nzk3ZTU2MDp7Il9hdXRoX3VzZXJfaWQiOiIxIiwiX2F1dGhfdXNlcl9iYWNrZW5kIjoiZGphbmdvLmNvbnRyaWIuYXV0aC5iYWNrZW5kcy5Nb2RlbEJhY2tlbmQiLCJfYXV0aF91c2VyX2hhc2giOiI0YTc5ODIwYzVlNzllZGQ0Y2U4ZDgxNjVlNThlYTdhNzZkMWE4NDY2In0=','2020-07-11 06:25:46.775189'),
	('84cnpdha3adv4p4fsyluhh89uy8f88gy','OWVlMmI0YzY5ODI5ZjFkZmM0ZDA0OTcyNDRlNzlmNGU5Nzk3ZTU2MDp7Il9hdXRoX3VzZXJfaWQiOiIxIiwiX2F1dGhfdXNlcl9iYWNrZW5kIjoiZGphbmdvLmNvbnRyaWIuYXV0aC5iYWNrZW5kcy5Nb2RlbEJhY2tlbmQiLCJfYXV0aF91c2VyX2hhc2giOiI0YTc5ODIwYzVlNzllZGQ0Y2U4ZDgxNjVlNThlYTdhNzZkMWE4NDY2In0=','2020-06-26 04:24:26.899336'),
	('85zuqfbroh95ykpyq1nix7s18t7fdvbf','OWVlMmI0YzY5ODI5ZjFkZmM0ZDA0OTcyNDRlNzlmNGU5Nzk3ZTU2MDp7Il9hdXRoX3VzZXJfaWQiOiIxIiwiX2F1dGhfdXNlcl9iYWNrZW5kIjoiZGphbmdvLmNvbnRyaWIuYXV0aC5iYWNrZW5kcy5Nb2RlbEJhY2tlbmQiLCJfYXV0aF91c2VyX2hhc2giOiI0YTc5ODIwYzVlNzllZGQ0Y2U4ZDgxNjVlNThlYTdhNzZkMWE4NDY2In0=','2020-06-21 08:04:23.061926'),
	('8898moyxjhisu4i282cgi0nbi0sd6vdm','OWVlMmI0YzY5ODI5ZjFkZmM0ZDA0OTcyNDRlNzlmNGU5Nzk3ZTU2MDp7Il9hdXRoX3VzZXJfaWQiOiIxIiwiX2F1dGhfdXNlcl9iYWNrZW5kIjoiZGphbmdvLmNvbnRyaWIuYXV0aC5iYWNrZW5kcy5Nb2RlbEJhY2tlbmQiLCJfYXV0aF91c2VyX2hhc2giOiI0YTc5ODIwYzVlNzllZGQ0Y2U4ZDgxNjVlNThlYTdhNzZkMWE4NDY2In0=','2020-06-22 08:00:24.504715'),
	('8av4esn2tuubvxkntepw7t0cdc5ffsw1','OWVlMmI0YzY5ODI5ZjFkZmM0ZDA0OTcyNDRlNzlmNGU5Nzk3ZTU2MDp7Il9hdXRoX3VzZXJfaWQiOiIxIiwiX2F1dGhfdXNlcl9iYWNrZW5kIjoiZGphbmdvLmNvbnRyaWIuYXV0aC5iYWNrZW5kcy5Nb2RlbEJhY2tlbmQiLCJfYXV0aF91c2VyX2hhc2giOiI0YTc5ODIwYzVlNzllZGQ0Y2U4ZDgxNjVlNThlYTdhNzZkMWE4NDY2In0=','2020-06-26 04:07:21.018039'),
	('8jystv0qss1tdqb38vbhtrry855o6cu2','OWVlMmI0YzY5ODI5ZjFkZmM0ZDA0OTcyNDRlNzlmNGU5Nzk3ZTU2MDp7Il9hdXRoX3VzZXJfaWQiOiIxIiwiX2F1dGhfdXNlcl9iYWNrZW5kIjoiZGphbmdvLmNvbnRyaWIuYXV0aC5iYWNrZW5kcy5Nb2RlbEJhY2tlbmQiLCJfYXV0aF91c2VyX2hhc2giOiI0YTc5ODIwYzVlNzllZGQ0Y2U4ZDgxNjVlNThlYTdhNzZkMWE4NDY2In0=','2020-06-21 10:08:24.778390'),
	('8n6xd5uhhg4qt0nudjf9daoo1uknrxn1','OWVlMmI0YzY5ODI5ZjFkZmM0ZDA0OTcyNDRlNzlmNGU5Nzk3ZTU2MDp7Il9hdXRoX3VzZXJfaWQiOiIxIiwiX2F1dGhfdXNlcl9iYWNrZW5kIjoiZGphbmdvLmNvbnRyaWIuYXV0aC5iYWNrZW5kcy5Nb2RlbEJhY2tlbmQiLCJfYXV0aF91c2VyX2hhc2giOiI0YTc5ODIwYzVlNzllZGQ0Y2U4ZDgxNjVlNThlYTdhNzZkMWE4NDY2In0=','2020-06-27 05:24:45.072499'),
	('8n7zohid0aj6ye042n1kp91ct38ns9yi','OWVlMmI0YzY5ODI5ZjFkZmM0ZDA0OTcyNDRlNzlmNGU5Nzk3ZTU2MDp7Il9hdXRoX3VzZXJfaWQiOiIxIiwiX2F1dGhfdXNlcl9iYWNrZW5kIjoiZGphbmdvLmNvbnRyaWIuYXV0aC5iYWNrZW5kcy5Nb2RlbEJhY2tlbmQiLCJfYXV0aF91c2VyX2hhc2giOiI0YTc5ODIwYzVlNzllZGQ0Y2U4ZDgxNjVlNThlYTdhNzZkMWE4NDY2In0=','2020-06-26 05:56:49.263649'),
	('8r2918ej8dxgrfx61wcv5xfd6n3f7zq9','OWVlMmI0YzY5ODI5ZjFkZmM0ZDA0OTcyNDRlNzlmNGU5Nzk3ZTU2MDp7Il9hdXRoX3VzZXJfaWQiOiIxIiwiX2F1dGhfdXNlcl9iYWNrZW5kIjoiZGphbmdvLmNvbnRyaWIuYXV0aC5iYWNrZW5kcy5Nb2RlbEJhY2tlbmQiLCJfYXV0aF91c2VyX2hhc2giOiI0YTc5ODIwYzVlNzllZGQ0Y2U4ZDgxNjVlNThlYTdhNzZkMWE4NDY2In0=','2020-06-25 07:49:24.144859'),
	('8rn8ng8nf8vljis875dfu86mcbrd0fgr','OWVlMmI0YzY5ODI5ZjFkZmM0ZDA0OTcyNDRlNzlmNGU5Nzk3ZTU2MDp7Il9hdXRoX3VzZXJfaWQiOiIxIiwiX2F1dGhfdXNlcl9iYWNrZW5kIjoiZGphbmdvLmNvbnRyaWIuYXV0aC5iYWNrZW5kcy5Nb2RlbEJhY2tlbmQiLCJfYXV0aF91c2VyX2hhc2giOiI0YTc5ODIwYzVlNzllZGQ0Y2U4ZDgxNjVlNThlYTdhNzZkMWE4NDY2In0=','2020-06-25 08:25:25.933512'),
	('8sfxbhpkoqv9s1y3e6tjwixukcju5od6','OWVlMmI0YzY5ODI5ZjFkZmM0ZDA0OTcyNDRlNzlmNGU5Nzk3ZTU2MDp7Il9hdXRoX3VzZXJfaWQiOiIxIiwiX2F1dGhfdXNlcl9iYWNrZW5kIjoiZGphbmdvLmNvbnRyaWIuYXV0aC5iYWNrZW5kcy5Nb2RlbEJhY2tlbmQiLCJfYXV0aF91c2VyX2hhc2giOiI0YTc5ODIwYzVlNzllZGQ0Y2U4ZDgxNjVlNThlYTdhNzZkMWE4NDY2In0=','2020-06-27 08:16:13.888003'),
	('8yedadjtffdxr77fxvzxkmf1cg2q1210','OWVlMmI0YzY5ODI5ZjFkZmM0ZDA0OTcyNDRlNzlmNGU5Nzk3ZTU2MDp7Il9hdXRoX3VzZXJfaWQiOiIxIiwiX2F1dGhfdXNlcl9iYWNrZW5kIjoiZGphbmdvLmNvbnRyaWIuYXV0aC5iYWNrZW5kcy5Nb2RlbEJhY2tlbmQiLCJfYXV0aF91c2VyX2hhc2giOiI0YTc5ODIwYzVlNzllZGQ0Y2U4ZDgxNjVlNThlYTdhNzZkMWE4NDY2In0=','2020-07-09 07:11:39.383549'),
	('90s9ju7kjqi0u34mhkv4okspkhxtrb43','OWVlMmI0YzY5ODI5ZjFkZmM0ZDA0OTcyNDRlNzlmNGU5Nzk3ZTU2MDp7Il9hdXRoX3VzZXJfaWQiOiIxIiwiX2F1dGhfdXNlcl9iYWNrZW5kIjoiZGphbmdvLmNvbnRyaWIuYXV0aC5iYWNrZW5kcy5Nb2RlbEJhY2tlbmQiLCJfYXV0aF91c2VyX2hhc2giOiI0YTc5ODIwYzVlNzllZGQ0Y2U4ZDgxNjVlNThlYTdhNzZkMWE4NDY2In0=','2020-07-09 06:45:32.483048'),
	('92tevoo7l41a8vdttcmz1px80fdut3sy','OWVlMmI0YzY5ODI5ZjFkZmM0ZDA0OTcyNDRlNzlmNGU5Nzk3ZTU2MDp7Il9hdXRoX3VzZXJfaWQiOiIxIiwiX2F1dGhfdXNlcl9iYWNrZW5kIjoiZGphbmdvLmNvbnRyaWIuYXV0aC5iYWNrZW5kcy5Nb2RlbEJhY2tlbmQiLCJfYXV0aF91c2VyX2hhc2giOiI0YTc5ODIwYzVlNzllZGQ0Y2U4ZDgxNjVlNThlYTdhNzZkMWE4NDY2In0=','2020-06-23 10:14:32.750391'),
	('96vnp29o5f88bt4yrx6yww14dhrddvoh','OWVlMmI0YzY5ODI5ZjFkZmM0ZDA0OTcyNDRlNzlmNGU5Nzk3ZTU2MDp7Il9hdXRoX3VzZXJfaWQiOiIxIiwiX2F1dGhfdXNlcl9iYWNrZW5kIjoiZGphbmdvLmNvbnRyaWIuYXV0aC5iYWNrZW5kcy5Nb2RlbEJhY2tlbmQiLCJfYXV0aF91c2VyX2hhc2giOiI0YTc5ODIwYzVlNzllZGQ0Y2U4ZDgxNjVlNThlYTdhNzZkMWE4NDY2In0=','2020-06-23 10:05:31.474089'),
	('989rr6nvqmy1nth7g95pbfjs4xlfz8wz','MmYyMDM3YzFkMjI2Yzk1MTEyYzhlNTg1Yjc1MDRhODdiMzljOTkwMDp7Il9hdXRoX3VzZXJfaWQiOiIyIiwiX2F1dGhfdXNlcl9iYWNrZW5kIjoiZGphbmdvLmNvbnRyaWIuYXV0aC5iYWNrZW5kcy5Nb2RlbEJhY2tlbmQiLCJfYXV0aF91c2VyX2hhc2giOiJjZTM1OWZiOTMxYTRjMGVkZWY1MmJjZmQ0NmE5MWY3OTg3ZWNiZjMxIn0=','2020-07-01 10:12:09.918633'),
	('99n61k95p244jor05udeptyj00b4xhcs','OWVlMmI0YzY5ODI5ZjFkZmM0ZDA0OTcyNDRlNzlmNGU5Nzk3ZTU2MDp7Il9hdXRoX3VzZXJfaWQiOiIxIiwiX2F1dGhfdXNlcl9iYWNrZW5kIjoiZGphbmdvLmNvbnRyaWIuYXV0aC5iYWNrZW5kcy5Nb2RlbEJhY2tlbmQiLCJfYXV0aF91c2VyX2hhc2giOiI0YTc5ODIwYzVlNzllZGQ0Y2U4ZDgxNjVlNThlYTdhNzZkMWE4NDY2In0=','2020-06-27 07:07:15.745866'),
	('9bmfubivpdlqa7fu96x5kvdn36wuwq26','OWVlMmI0YzY5ODI5ZjFkZmM0ZDA0OTcyNDRlNzlmNGU5Nzk3ZTU2MDp7Il9hdXRoX3VzZXJfaWQiOiIxIiwiX2F1dGhfdXNlcl9iYWNrZW5kIjoiZGphbmdvLmNvbnRyaWIuYXV0aC5iYWNrZW5kcy5Nb2RlbEJhY2tlbmQiLCJfYXV0aF91c2VyX2hhc2giOiI0YTc5ODIwYzVlNzllZGQ0Y2U4ZDgxNjVlNThlYTdhNzZkMWE4NDY2In0=','2020-06-27 14:32:32.319659'),
	('9ehyd7nainsa46b80w33n7vvbmihnng1','OWVlMmI0YzY5ODI5ZjFkZmM0ZDA0OTcyNDRlNzlmNGU5Nzk3ZTU2MDp7Il9hdXRoX3VzZXJfaWQiOiIxIiwiX2F1dGhfdXNlcl9iYWNrZW5kIjoiZGphbmdvLmNvbnRyaWIuYXV0aC5iYWNrZW5kcy5Nb2RlbEJhY2tlbmQiLCJfYXV0aF91c2VyX2hhc2giOiI0YTc5ODIwYzVlNzllZGQ0Y2U4ZDgxNjVlNThlYTdhNzZkMWE4NDY2In0=','2020-06-23 08:53:31.630928'),
	('9jhs82u1fmyy1v9me5v237wp1kqperpc','OWVlMmI0YzY5ODI5ZjFkZmM0ZDA0OTcyNDRlNzlmNGU5Nzk3ZTU2MDp7Il9hdXRoX3VzZXJfaWQiOiIxIiwiX2F1dGhfdXNlcl9iYWNrZW5kIjoiZGphbmdvLmNvbnRyaWIuYXV0aC5iYWNrZW5kcy5Nb2RlbEJhY2tlbmQiLCJfYXV0aF91c2VyX2hhc2giOiI0YTc5ODIwYzVlNzllZGQ0Y2U4ZDgxNjVlNThlYTdhNzZkMWE4NDY2In0=','2020-07-11 06:37:41.315668'),
	('9x7ro0la9vh7710xb8gpyfrccqammvb1','OWVlMmI0YzY5ODI5ZjFkZmM0ZDA0OTcyNDRlNzlmNGU5Nzk3ZTU2MDp7Il9hdXRoX3VzZXJfaWQiOiIxIiwiX2F1dGhfdXNlcl9iYWNrZW5kIjoiZGphbmdvLmNvbnRyaWIuYXV0aC5iYWNrZW5kcy5Nb2RlbEJhY2tlbmQiLCJfYXV0aF91c2VyX2hhc2giOiI0YTc5ODIwYzVlNzllZGQ0Y2U4ZDgxNjVlNThlYTdhNzZkMWE4NDY2In0=','2020-06-26 06:31:26.411091'),
	('a062afumnceer1x4n3n0q7zpjlg4gbcx','OWVlMmI0YzY5ODI5ZjFkZmM0ZDA0OTcyNDRlNzlmNGU5Nzk3ZTU2MDp7Il9hdXRoX3VzZXJfaWQiOiIxIiwiX2F1dGhfdXNlcl9iYWNrZW5kIjoiZGphbmdvLmNvbnRyaWIuYXV0aC5iYWNrZW5kcy5Nb2RlbEJhY2tlbmQiLCJfYXV0aF91c2VyX2hhc2giOiI0YTc5ODIwYzVlNzllZGQ0Y2U4ZDgxNjVlNThlYTdhNzZkMWE4NDY2In0=','2020-06-26 05:35:30.858479'),
	('a2a2tby44uqp8pa28o380as6og47yop5','OWVlMmI0YzY5ODI5ZjFkZmM0ZDA0OTcyNDRlNzlmNGU5Nzk3ZTU2MDp7Il9hdXRoX3VzZXJfaWQiOiIxIiwiX2F1dGhfdXNlcl9iYWNrZW5kIjoiZGphbmdvLmNvbnRyaWIuYXV0aC5iYWNrZW5kcy5Nb2RlbEJhY2tlbmQiLCJfYXV0aF91c2VyX2hhc2giOiI0YTc5ODIwYzVlNzllZGQ0Y2U4ZDgxNjVlNThlYTdhNzZkMWE4NDY2In0=','2020-06-21 08:21:46.605439'),
	('a7tp3y73hh9awt46m5qbqdhwwk38oyqb','OWVlMmI0YzY5ODI5ZjFkZmM0ZDA0OTcyNDRlNzlmNGU5Nzk3ZTU2MDp7Il9hdXRoX3VzZXJfaWQiOiIxIiwiX2F1dGhfdXNlcl9iYWNrZW5kIjoiZGphbmdvLmNvbnRyaWIuYXV0aC5iYWNrZW5kcy5Nb2RlbEJhY2tlbmQiLCJfYXV0aF91c2VyX2hhc2giOiI0YTc5ODIwYzVlNzllZGQ0Y2U4ZDgxNjVlNThlYTdhNzZkMWE4NDY2In0=','2020-06-26 06:10:20.986004'),
	('a8iygkngbf40obpewgnijb6ykqgu2hde','OWVlMmI0YzY5ODI5ZjFkZmM0ZDA0OTcyNDRlNzlmNGU5Nzk3ZTU2MDp7Il9hdXRoX3VzZXJfaWQiOiIxIiwiX2F1dGhfdXNlcl9iYWNrZW5kIjoiZGphbmdvLmNvbnRyaWIuYXV0aC5iYWNrZW5kcy5Nb2RlbEJhY2tlbmQiLCJfYXV0aF91c2VyX2hhc2giOiI0YTc5ODIwYzVlNzllZGQ0Y2U4ZDgxNjVlNThlYTdhNzZkMWE4NDY2In0=','2020-06-24 09:48:38.998612'),
	('aco9i06gt4zsdlc8hhwandroy61d7l3w','OWVlMmI0YzY5ODI5ZjFkZmM0ZDA0OTcyNDRlNzlmNGU5Nzk3ZTU2MDp7Il9hdXRoX3VzZXJfaWQiOiIxIiwiX2F1dGhfdXNlcl9iYWNrZW5kIjoiZGphbmdvLmNvbnRyaWIuYXV0aC5iYWNrZW5kcy5Nb2RlbEJhY2tlbmQiLCJfYXV0aF91c2VyX2hhc2giOiI0YTc5ODIwYzVlNzllZGQ0Y2U4ZDgxNjVlNThlYTdhNzZkMWE4NDY2In0=','2020-06-27 14:35:03.589543'),
	('admu6u2bc69g2hcmqffmj8cmllc2j1tg','OWVlMmI0YzY5ODI5ZjFkZmM0ZDA0OTcyNDRlNzlmNGU5Nzk3ZTU2MDp7Il9hdXRoX3VzZXJfaWQiOiIxIiwiX2F1dGhfdXNlcl9iYWNrZW5kIjoiZGphbmdvLmNvbnRyaWIuYXV0aC5iYWNrZW5kcy5Nb2RlbEJhY2tlbmQiLCJfYXV0aF91c2VyX2hhc2giOiI0YTc5ODIwYzVlNzllZGQ0Y2U4ZDgxNjVlNThlYTdhNzZkMWE4NDY2In0=','2020-06-21 08:17:07.779905'),
	('ag763q75x2t19r219o4ueq9i1khhc58v','OWVlMmI0YzY5ODI5ZjFkZmM0ZDA0OTcyNDRlNzlmNGU5Nzk3ZTU2MDp7Il9hdXRoX3VzZXJfaWQiOiIxIiwiX2F1dGhfdXNlcl9iYWNrZW5kIjoiZGphbmdvLmNvbnRyaWIuYXV0aC5iYWNrZW5kcy5Nb2RlbEJhY2tlbmQiLCJfYXV0aF91c2VyX2hhc2giOiI0YTc5ODIwYzVlNzllZGQ0Y2U4ZDgxNjVlNThlYTdhNzZkMWE4NDY2In0=','2020-06-25 10:40:26.401600'),
	('ajix7ozzmzntvo9zv1ctwu1c0ew1qpbh','OWVlMmI0YzY5ODI5ZjFkZmM0ZDA0OTcyNDRlNzlmNGU5Nzk3ZTU2MDp7Il9hdXRoX3VzZXJfaWQiOiIxIiwiX2F1dGhfdXNlcl9iYWNrZW5kIjoiZGphbmdvLmNvbnRyaWIuYXV0aC5iYWNrZW5kcy5Nb2RlbEJhY2tlbmQiLCJfYXV0aF91c2VyX2hhc2giOiI0YTc5ODIwYzVlNzllZGQ0Y2U4ZDgxNjVlNThlYTdhNzZkMWE4NDY2In0=','2020-06-30 06:20:10.828434'),
	('anpsd53k4c0tf6ge16t115ab572qkwq9','OWVlMmI0YzY5ODI5ZjFkZmM0ZDA0OTcyNDRlNzlmNGU5Nzk3ZTU2MDp7Il9hdXRoX3VzZXJfaWQiOiIxIiwiX2F1dGhfdXNlcl9iYWNrZW5kIjoiZGphbmdvLmNvbnRyaWIuYXV0aC5iYWNrZW5kcy5Nb2RlbEJhY2tlbmQiLCJfYXV0aF91c2VyX2hhc2giOiI0YTc5ODIwYzVlNzllZGQ0Y2U4ZDgxNjVlNThlYTdhNzZkMWE4NDY2In0=','2020-06-30 06:39:37.362797'),
	('aq62twx16oksq353szszrlt2ogr0tkvq','OWVlMmI0YzY5ODI5ZjFkZmM0ZDA0OTcyNDRlNzlmNGU5Nzk3ZTU2MDp7Il9hdXRoX3VzZXJfaWQiOiIxIiwiX2F1dGhfdXNlcl9iYWNrZW5kIjoiZGphbmdvLmNvbnRyaWIuYXV0aC5iYWNrZW5kcy5Nb2RlbEJhY2tlbmQiLCJfYXV0aF91c2VyX2hhc2giOiI0YTc5ODIwYzVlNzllZGQ0Y2U4ZDgxNjVlNThlYTdhNzZkMWE4NDY2In0=','2020-07-11 05:14:43.376766'),
	('atsqyhtn6wx0x2dlxn0p353ywva1kze3','OWVlMmI0YzY5ODI5ZjFkZmM0ZDA0OTcyNDRlNzlmNGU5Nzk3ZTU2MDp7Il9hdXRoX3VzZXJfaWQiOiIxIiwiX2F1dGhfdXNlcl9iYWNrZW5kIjoiZGphbmdvLmNvbnRyaWIuYXV0aC5iYWNrZW5kcy5Nb2RlbEJhY2tlbmQiLCJfYXV0aF91c2VyX2hhc2giOiI0YTc5ODIwYzVlNzllZGQ0Y2U4ZDgxNjVlNThlYTdhNzZkMWE4NDY2In0=','2020-06-27 06:19:46.918991'),
	('azrnndi2tjsn26wp547sxi0w3jjn3jg8','OWVlMmI0YzY5ODI5ZjFkZmM0ZDA0OTcyNDRlNzlmNGU5Nzk3ZTU2MDp7Il9hdXRoX3VzZXJfaWQiOiIxIiwiX2F1dGhfdXNlcl9iYWNrZW5kIjoiZGphbmdvLmNvbnRyaWIuYXV0aC5iYWNrZW5kcy5Nb2RlbEJhY2tlbmQiLCJfYXV0aF91c2VyX2hhc2giOiI0YTc5ODIwYzVlNzllZGQ0Y2U4ZDgxNjVlNThlYTdhNzZkMWE4NDY2In0=','2020-07-11 06:41:15.437797'),
	('b32memds4m3m1968yptwx5obdqhofu23','OWVlMmI0YzY5ODI5ZjFkZmM0ZDA0OTcyNDRlNzlmNGU5Nzk3ZTU2MDp7Il9hdXRoX3VzZXJfaWQiOiIxIiwiX2F1dGhfdXNlcl9iYWNrZW5kIjoiZGphbmdvLmNvbnRyaWIuYXV0aC5iYWNrZW5kcy5Nb2RlbEJhY2tlbmQiLCJfYXV0aF91c2VyX2hhc2giOiI0YTc5ODIwYzVlNzllZGQ0Y2U4ZDgxNjVlNThlYTdhNzZkMWE4NDY2In0=','2020-06-25 10:04:50.709974'),
	('b391z3hvo2bom8giuc75ysoq8zp75lts','OWVlMmI0YzY5ODI5ZjFkZmM0ZDA0OTcyNDRlNzlmNGU5Nzk3ZTU2MDp7Il9hdXRoX3VzZXJfaWQiOiIxIiwiX2F1dGhfdXNlcl9iYWNrZW5kIjoiZGphbmdvLmNvbnRyaWIuYXV0aC5iYWNrZW5kcy5Nb2RlbEJhY2tlbmQiLCJfYXV0aF91c2VyX2hhc2giOiI0YTc5ODIwYzVlNzllZGQ0Y2U4ZDgxNjVlNThlYTdhNzZkMWE4NDY2In0=','2020-06-27 14:08:51.733853'),
	('b7cmduoxtbg8cz1ckxufk9ek1l57kbby','OWVlMmI0YzY5ODI5ZjFkZmM0ZDA0OTcyNDRlNzlmNGU5Nzk3ZTU2MDp7Il9hdXRoX3VzZXJfaWQiOiIxIiwiX2F1dGhfdXNlcl9iYWNrZW5kIjoiZGphbmdvLmNvbnRyaWIuYXV0aC5iYWNrZW5kcy5Nb2RlbEJhY2tlbmQiLCJfYXV0aF91c2VyX2hhc2giOiI0YTc5ODIwYzVlNzllZGQ0Y2U4ZDgxNjVlNThlYTdhNzZkMWE4NDY2In0=','2020-06-27 06:38:19.013117'),
	('b7i00n054eei9f0q1iw6wt2cu9su39fd','OWVlMmI0YzY5ODI5ZjFkZmM0ZDA0OTcyNDRlNzlmNGU5Nzk3ZTU2MDp7Il9hdXRoX3VzZXJfaWQiOiIxIiwiX2F1dGhfdXNlcl9iYWNrZW5kIjoiZGphbmdvLmNvbnRyaWIuYXV0aC5iYWNrZW5kcy5Nb2RlbEJhY2tlbmQiLCJfYXV0aF91c2VyX2hhc2giOiI0YTc5ODIwYzVlNzllZGQ0Y2U4ZDgxNjVlNThlYTdhNzZkMWE4NDY2In0=','2020-06-22 07:57:21.758270'),
	('b8ipdbh9xdjdfpos9kd27j0pzc797h83','OWVlMmI0YzY5ODI5ZjFkZmM0ZDA0OTcyNDRlNzlmNGU5Nzk3ZTU2MDp7Il9hdXRoX3VzZXJfaWQiOiIxIiwiX2F1dGhfdXNlcl9iYWNrZW5kIjoiZGphbmdvLmNvbnRyaWIuYXV0aC5iYWNrZW5kcy5Nb2RlbEJhY2tlbmQiLCJfYXV0aF91c2VyX2hhc2giOiI0YTc5ODIwYzVlNzllZGQ0Y2U4ZDgxNjVlNThlYTdhNzZkMWE4NDY2In0=','2020-06-27 09:47:57.123590'),
	('b8mb692sma5d33g0ipcoy805g2pjever','OWVlMmI0YzY5ODI5ZjFkZmM0ZDA0OTcyNDRlNzlmNGU5Nzk3ZTU2MDp7Il9hdXRoX3VzZXJfaWQiOiIxIiwiX2F1dGhfdXNlcl9iYWNrZW5kIjoiZGphbmdvLmNvbnRyaWIuYXV0aC5iYWNrZW5kcy5Nb2RlbEJhY2tlbmQiLCJfYXV0aF91c2VyX2hhc2giOiI0YTc5ODIwYzVlNzllZGQ0Y2U4ZDgxNjVlNThlYTdhNzZkMWE4NDY2In0=','2020-07-11 06:51:08.056735'),
	('b9uyws24jv5osh2dnqqhbugzbg3zn6jv','OWVlMmI0YzY5ODI5ZjFkZmM0ZDA0OTcyNDRlNzlmNGU5Nzk3ZTU2MDp7Il9hdXRoX3VzZXJfaWQiOiIxIiwiX2F1dGhfdXNlcl9iYWNrZW5kIjoiZGphbmdvLmNvbnRyaWIuYXV0aC5iYWNrZW5kcy5Nb2RlbEJhY2tlbmQiLCJfYXV0aF91c2VyX2hhc2giOiI0YTc5ODIwYzVlNzllZGQ0Y2U4ZDgxNjVlNThlYTdhNzZkMWE4NDY2In0=','2020-06-27 08:51:18.147157'),
	('ba05teb2bg8v4g379ymvk99wygalzgvr','OWVlMmI0YzY5ODI5ZjFkZmM0ZDA0OTcyNDRlNzlmNGU5Nzk3ZTU2MDp7Il9hdXRoX3VzZXJfaWQiOiIxIiwiX2F1dGhfdXNlcl9iYWNrZW5kIjoiZGphbmdvLmNvbnRyaWIuYXV0aC5iYWNrZW5kcy5Nb2RlbEJhY2tlbmQiLCJfYXV0aF91c2VyX2hhc2giOiI0YTc5ODIwYzVlNzllZGQ0Y2U4ZDgxNjVlNThlYTdhNzZkMWE4NDY2In0=','2020-06-26 03:57:36.224906'),
	('bdtd6uakc3q3be73v09g20f49c94a0f9','OWVlMmI0YzY5ODI5ZjFkZmM0ZDA0OTcyNDRlNzlmNGU5Nzk3ZTU2MDp7Il9hdXRoX3VzZXJfaWQiOiIxIiwiX2F1dGhfdXNlcl9iYWNrZW5kIjoiZGphbmdvLmNvbnRyaWIuYXV0aC5iYWNrZW5kcy5Nb2RlbEJhY2tlbmQiLCJfYXV0aF91c2VyX2hhc2giOiI0YTc5ODIwYzVlNzllZGQ0Y2U4ZDgxNjVlNThlYTdhNzZkMWE4NDY2In0=','2020-06-27 05:43:55.455582'),
	('bhfarwvb1pmxnqilhoqv8kc0lp6f7si5','OWVlMmI0YzY5ODI5ZjFkZmM0ZDA0OTcyNDRlNzlmNGU5Nzk3ZTU2MDp7Il9hdXRoX3VzZXJfaWQiOiIxIiwiX2F1dGhfdXNlcl9iYWNrZW5kIjoiZGphbmdvLmNvbnRyaWIuYXV0aC5iYWNrZW5kcy5Nb2RlbEJhY2tlbmQiLCJfYXV0aF91c2VyX2hhc2giOiI0YTc5ODIwYzVlNzllZGQ0Y2U4ZDgxNjVlNThlYTdhNzZkMWE4NDY2In0=','2020-06-21 10:04:30.052287'),
	('bhgk4l7z64obslrny7sxlwk6c14ijbcn','OWVlMmI0YzY5ODI5ZjFkZmM0ZDA0OTcyNDRlNzlmNGU5Nzk3ZTU2MDp7Il9hdXRoX3VzZXJfaWQiOiIxIiwiX2F1dGhfdXNlcl9iYWNrZW5kIjoiZGphbmdvLmNvbnRyaWIuYXV0aC5iYWNrZW5kcy5Nb2RlbEJhY2tlbmQiLCJfYXV0aF91c2VyX2hhc2giOiI0YTc5ODIwYzVlNzllZGQ0Y2U4ZDgxNjVlNThlYTdhNzZkMWE4NDY2In0=','2020-06-24 10:08:43.431970'),
	('bp8vdznd7cxb9ybws32o7fx7m0y2s0m0','OWVlMmI0YzY5ODI5ZjFkZmM0ZDA0OTcyNDRlNzlmNGU5Nzk3ZTU2MDp7Il9hdXRoX3VzZXJfaWQiOiIxIiwiX2F1dGhfdXNlcl9iYWNrZW5kIjoiZGphbmdvLmNvbnRyaWIuYXV0aC5iYWNrZW5kcy5Nb2RlbEJhY2tlbmQiLCJfYXV0aF91c2VyX2hhc2giOiI0YTc5ODIwYzVlNzllZGQ0Y2U4ZDgxNjVlNThlYTdhNzZkMWE4NDY2In0=','2020-06-26 04:28:00.410882'),
	('bqn5slzlw9914koya6b4afmphpr8qknc','OWVlMmI0YzY5ODI5ZjFkZmM0ZDA0OTcyNDRlNzlmNGU5Nzk3ZTU2MDp7Il9hdXRoX3VzZXJfaWQiOiIxIiwiX2F1dGhfdXNlcl9iYWNrZW5kIjoiZGphbmdvLmNvbnRyaWIuYXV0aC5iYWNrZW5kcy5Nb2RlbEJhY2tlbmQiLCJfYXV0aF91c2VyX2hhc2giOiI0YTc5ODIwYzVlNzllZGQ0Y2U4ZDgxNjVlNThlYTdhNzZkMWE4NDY2In0=','2020-06-25 06:34:17.628596'),
	('br1nz9ts57k3m4wljqp3xtiqevrqhj88','OWVlMmI0YzY5ODI5ZjFkZmM0ZDA0OTcyNDRlNzlmNGU5Nzk3ZTU2MDp7Il9hdXRoX3VzZXJfaWQiOiIxIiwiX2F1dGhfdXNlcl9iYWNrZW5kIjoiZGphbmdvLmNvbnRyaWIuYXV0aC5iYWNrZW5kcy5Nb2RlbEJhY2tlbmQiLCJfYXV0aF91c2VyX2hhc2giOiI0YTc5ODIwYzVlNzllZGQ0Y2U4ZDgxNjVlNThlYTdhNzZkMWE4NDY2In0=','2020-06-24 03:55:54.216240'),
	('bvponp2m5s4zskcdmokzkyq04ay3tkji','OWVlMmI0YzY5ODI5ZjFkZmM0ZDA0OTcyNDRlNzlmNGU5Nzk3ZTU2MDp7Il9hdXRoX3VzZXJfaWQiOiIxIiwiX2F1dGhfdXNlcl9iYWNrZW5kIjoiZGphbmdvLmNvbnRyaWIuYXV0aC5iYWNrZW5kcy5Nb2RlbEJhY2tlbmQiLCJfYXV0aF91c2VyX2hhc2giOiI0YTc5ODIwYzVlNzllZGQ0Y2U4ZDgxNjVlNThlYTdhNzZkMWE4NDY2In0=','2020-06-25 08:26:56.306369'),
	('c2wzo7q72yobszs12cj9jn3vouvy6gzs','OWVlMmI0YzY5ODI5ZjFkZmM0ZDA0OTcyNDRlNzlmNGU5Nzk3ZTU2MDp7Il9hdXRoX3VzZXJfaWQiOiIxIiwiX2F1dGhfdXNlcl9iYWNrZW5kIjoiZGphbmdvLmNvbnRyaWIuYXV0aC5iYWNrZW5kcy5Nb2RlbEJhY2tlbmQiLCJfYXV0aF91c2VyX2hhc2giOiI0YTc5ODIwYzVlNzllZGQ0Y2U4ZDgxNjVlNThlYTdhNzZkMWE4NDY2In0=','2020-06-27 08:42:21.155111'),
	('c4a3pzfqn7iklr86t6wvil9onmmcal9r','OWVlMmI0YzY5ODI5ZjFkZmM0ZDA0OTcyNDRlNzlmNGU5Nzk3ZTU2MDp7Il9hdXRoX3VzZXJfaWQiOiIxIiwiX2F1dGhfdXNlcl9iYWNrZW5kIjoiZGphbmdvLmNvbnRyaWIuYXV0aC5iYWNrZW5kcy5Nb2RlbEJhY2tlbmQiLCJfYXV0aF91c2VyX2hhc2giOiI0YTc5ODIwYzVlNzllZGQ0Y2U4ZDgxNjVlNThlYTdhNzZkMWE4NDY2In0=','2020-06-27 09:49:41.347296'),
	('c99noovmo0l65o42uhqp7fb1gfk7sx4l','OWVlMmI0YzY5ODI5ZjFkZmM0ZDA0OTcyNDRlNzlmNGU5Nzk3ZTU2MDp7Il9hdXRoX3VzZXJfaWQiOiIxIiwiX2F1dGhfdXNlcl9iYWNrZW5kIjoiZGphbmdvLmNvbnRyaWIuYXV0aC5iYWNrZW5kcy5Nb2RlbEJhY2tlbmQiLCJfYXV0aF91c2VyX2hhc2giOiI0YTc5ODIwYzVlNzllZGQ0Y2U4ZDgxNjVlNThlYTdhNzZkMWE4NDY2In0=','2020-07-04 09:24:29.930033'),
	('cdojrg7pk17g33g33feyffz3brp5o6eb','OWVlMmI0YzY5ODI5ZjFkZmM0ZDA0OTcyNDRlNzlmNGU5Nzk3ZTU2MDp7Il9hdXRoX3VzZXJfaWQiOiIxIiwiX2F1dGhfdXNlcl9iYWNrZW5kIjoiZGphbmdvLmNvbnRyaWIuYXV0aC5iYWNrZW5kcy5Nb2RlbEJhY2tlbmQiLCJfYXV0aF91c2VyX2hhc2giOiI0YTc5ODIwYzVlNzllZGQ0Y2U4ZDgxNjVlNThlYTdhNzZkMWE4NDY2In0=','2020-07-04 05:52:10.446740'),
	('cf64ntlxbtiphe8hrrwboatu4j19zm4c','OWVlMmI0YzY5ODI5ZjFkZmM0ZDA0OTcyNDRlNzlmNGU5Nzk3ZTU2MDp7Il9hdXRoX3VzZXJfaWQiOiIxIiwiX2F1dGhfdXNlcl9iYWNrZW5kIjoiZGphbmdvLmNvbnRyaWIuYXV0aC5iYWNrZW5kcy5Nb2RlbEJhY2tlbmQiLCJfYXV0aF91c2VyX2hhc2giOiI0YTc5ODIwYzVlNzllZGQ0Y2U4ZDgxNjVlNThlYTdhNzZkMWE4NDY2In0=','2020-07-11 06:40:52.705959'),
	('cizu15v1oaoi9ya74xyhy6deottzwuyk','OWVlMmI0YzY5ODI5ZjFkZmM0ZDA0OTcyNDRlNzlmNGU5Nzk3ZTU2MDp7Il9hdXRoX3VzZXJfaWQiOiIxIiwiX2F1dGhfdXNlcl9iYWNrZW5kIjoiZGphbmdvLmNvbnRyaWIuYXV0aC5iYWNrZW5kcy5Nb2RlbEJhY2tlbmQiLCJfYXV0aF91c2VyX2hhc2giOiI0YTc5ODIwYzVlNzllZGQ0Y2U4ZDgxNjVlNThlYTdhNzZkMWE4NDY2In0=','2020-06-26 03:56:51.667333'),
	('clknhhnfokix1xs48yhp1tflcy9ddnez','OWVlMmI0YzY5ODI5ZjFkZmM0ZDA0OTcyNDRlNzlmNGU5Nzk3ZTU2MDp7Il9hdXRoX3VzZXJfaWQiOiIxIiwiX2F1dGhfdXNlcl9iYWNrZW5kIjoiZGphbmdvLmNvbnRyaWIuYXV0aC5iYWNrZW5kcy5Nb2RlbEJhY2tlbmQiLCJfYXV0aF91c2VyX2hhc2giOiI0YTc5ODIwYzVlNzllZGQ0Y2U4ZDgxNjVlNThlYTdhNzZkMWE4NDY2In0=','2020-06-27 07:45:02.298926'),
	('cobs8foea0t1qwu6fcyppr6wjyno090b','OWVlMmI0YzY5ODI5ZjFkZmM0ZDA0OTcyNDRlNzlmNGU5Nzk3ZTU2MDp7Il9hdXRoX3VzZXJfaWQiOiIxIiwiX2F1dGhfdXNlcl9iYWNrZW5kIjoiZGphbmdvLmNvbnRyaWIuYXV0aC5iYWNrZW5kcy5Nb2RlbEJhY2tlbmQiLCJfYXV0aF91c2VyX2hhc2giOiI0YTc5ODIwYzVlNzllZGQ0Y2U4ZDgxNjVlNThlYTdhNzZkMWE4NDY2In0=','2020-06-25 09:30:24.819451'),
	('ct5fqw3ww7do9ginzniulb9q9a83gbkk','OWVlMmI0YzY5ODI5ZjFkZmM0ZDA0OTcyNDRlNzlmNGU5Nzk3ZTU2MDp7Il9hdXRoX3VzZXJfaWQiOiIxIiwiX2F1dGhfdXNlcl9iYWNrZW5kIjoiZGphbmdvLmNvbnRyaWIuYXV0aC5iYWNrZW5kcy5Nb2RlbEJhY2tlbmQiLCJfYXV0aF91c2VyX2hhc2giOiI0YTc5ODIwYzVlNzllZGQ0Y2U4ZDgxNjVlNThlYTdhNzZkMWE4NDY2In0=','2020-06-27 14:15:49.769600'),
	('cy2kgdedqjyy5qkm3ddorhltw9oprzcn','OWVlMmI0YzY5ODI5ZjFkZmM0ZDA0OTcyNDRlNzlmNGU5Nzk3ZTU2MDp7Il9hdXRoX3VzZXJfaWQiOiIxIiwiX2F1dGhfdXNlcl9iYWNrZW5kIjoiZGphbmdvLmNvbnRyaWIuYXV0aC5iYWNrZW5kcy5Nb2RlbEJhY2tlbmQiLCJfYXV0aF91c2VyX2hhc2giOiI0YTc5ODIwYzVlNzllZGQ0Y2U4ZDgxNjVlNThlYTdhNzZkMWE4NDY2In0=','2020-06-21 10:30:26.068923'),
	('cz95cdia42skuehtnul14dvnjw3up4mv','OWVlMmI0YzY5ODI5ZjFkZmM0ZDA0OTcyNDRlNzlmNGU5Nzk3ZTU2MDp7Il9hdXRoX3VzZXJfaWQiOiIxIiwiX2F1dGhfdXNlcl9iYWNrZW5kIjoiZGphbmdvLmNvbnRyaWIuYXV0aC5iYWNrZW5kcy5Nb2RlbEJhY2tlbmQiLCJfYXV0aF91c2VyX2hhc2giOiI0YTc5ODIwYzVlNzllZGQ0Y2U4ZDgxNjVlNThlYTdhNzZkMWE4NDY2In0=','2020-07-11 05:41:54.662377'),
	('cznnnmpef7ah0lds0j5hjg1bulxertzk','OWVlMmI0YzY5ODI5ZjFkZmM0ZDA0OTcyNDRlNzlmNGU5Nzk3ZTU2MDp7Il9hdXRoX3VzZXJfaWQiOiIxIiwiX2F1dGhfdXNlcl9iYWNrZW5kIjoiZGphbmdvLmNvbnRyaWIuYXV0aC5iYWNrZW5kcy5Nb2RlbEJhY2tlbmQiLCJfYXV0aF91c2VyX2hhc2giOiI0YTc5ODIwYzVlNzllZGQ0Y2U4ZDgxNjVlNThlYTdhNzZkMWE4NDY2In0=','2020-06-21 09:41:57.739194'),
	('d1hfkheeq4tf309vbmgcli94dhn6n1c0','OWVlMmI0YzY5ODI5ZjFkZmM0ZDA0OTcyNDRlNzlmNGU5Nzk3ZTU2MDp7Il9hdXRoX3VzZXJfaWQiOiIxIiwiX2F1dGhfdXNlcl9iYWNrZW5kIjoiZGphbmdvLmNvbnRyaWIuYXV0aC5iYWNrZW5kcy5Nb2RlbEJhY2tlbmQiLCJfYXV0aF91c2VyX2hhc2giOiI0YTc5ODIwYzVlNzllZGQ0Y2U4ZDgxNjVlNThlYTdhNzZkMWE4NDY2In0=','2020-06-25 08:33:43.553293'),
	('dd5qef31warocf7kki516y25q9ex3v6t','OWVlMmI0YzY5ODI5ZjFkZmM0ZDA0OTcyNDRlNzlmNGU5Nzk3ZTU2MDp7Il9hdXRoX3VzZXJfaWQiOiIxIiwiX2F1dGhfdXNlcl9iYWNrZW5kIjoiZGphbmdvLmNvbnRyaWIuYXV0aC5iYWNrZW5kcy5Nb2RlbEJhY2tlbmQiLCJfYXV0aF91c2VyX2hhc2giOiI0YTc5ODIwYzVlNzllZGQ0Y2U4ZDgxNjVlNThlYTdhNzZkMWE4NDY2In0=','2020-06-22 08:31:57.978518'),
	('df1dglghqsmy483l66lzgo59zyb8ef37','OWVlMmI0YzY5ODI5ZjFkZmM0ZDA0OTcyNDRlNzlmNGU5Nzk3ZTU2MDp7Il9hdXRoX3VzZXJfaWQiOiIxIiwiX2F1dGhfdXNlcl9iYWNrZW5kIjoiZGphbmdvLmNvbnRyaWIuYXV0aC5iYWNrZW5kcy5Nb2RlbEJhY2tlbmQiLCJfYXV0aF91c2VyX2hhc2giOiI0YTc5ODIwYzVlNzllZGQ0Y2U4ZDgxNjVlNThlYTdhNzZkMWE4NDY2In0=','2020-06-25 02:23:45.026071'),
	('df418jrgoplqm2b5htebnvyrh8xd1q60','OWVlMmI0YzY5ODI5ZjFkZmM0ZDA0OTcyNDRlNzlmNGU5Nzk3ZTU2MDp7Il9hdXRoX3VzZXJfaWQiOiIxIiwiX2F1dGhfdXNlcl9iYWNrZW5kIjoiZGphbmdvLmNvbnRyaWIuYXV0aC5iYWNrZW5kcy5Nb2RlbEJhY2tlbmQiLCJfYXV0aF91c2VyX2hhc2giOiI0YTc5ODIwYzVlNzllZGQ0Y2U4ZDgxNjVlNThlYTdhNzZkMWE4NDY2In0=','2020-06-25 08:43:26.318633'),
	('dkzhr6kxir52cgifvq6am5ydw9fb50om','OWVlMmI0YzY5ODI5ZjFkZmM0ZDA0OTcyNDRlNzlmNGU5Nzk3ZTU2MDp7Il9hdXRoX3VzZXJfaWQiOiIxIiwiX2F1dGhfdXNlcl9iYWNrZW5kIjoiZGphbmdvLmNvbnRyaWIuYXV0aC5iYWNrZW5kcy5Nb2RlbEJhY2tlbmQiLCJfYXV0aF91c2VyX2hhc2giOiI0YTc5ODIwYzVlNzllZGQ0Y2U4ZDgxNjVlNThlYTdhNzZkMWE4NDY2In0=','2020-06-21 08:40:23.918894'),
	('dn8p8yldontay718xxl1h5hq0w5sa8m3','OWVlMmI0YzY5ODI5ZjFkZmM0ZDA0OTcyNDRlNzlmNGU5Nzk3ZTU2MDp7Il9hdXRoX3VzZXJfaWQiOiIxIiwiX2F1dGhfdXNlcl9iYWNrZW5kIjoiZGphbmdvLmNvbnRyaWIuYXV0aC5iYWNrZW5kcy5Nb2RlbEJhY2tlbmQiLCJfYXV0aF91c2VyX2hhc2giOiI0YTc5ODIwYzVlNzllZGQ0Y2U4ZDgxNjVlNThlYTdhNzZkMWE4NDY2In0=','2020-06-27 14:41:31.270313'),
	('dnxs2w2q8jbfi3ogglcdxcyt8du3iv9d','OWVlMmI0YzY5ODI5ZjFkZmM0ZDA0OTcyNDRlNzlmNGU5Nzk3ZTU2MDp7Il9hdXRoX3VzZXJfaWQiOiIxIiwiX2F1dGhfdXNlcl9iYWNrZW5kIjoiZGphbmdvLmNvbnRyaWIuYXV0aC5iYWNrZW5kcy5Nb2RlbEJhY2tlbmQiLCJfYXV0aF91c2VyX2hhc2giOiI0YTc5ODIwYzVlNzllZGQ0Y2U4ZDgxNjVlNThlYTdhNzZkMWE4NDY2In0=','2020-06-23 10:20:47.545011'),
	('du4ni36r55k7gn56a39cxkbv1l8aqrrx','OWVlMmI0YzY5ODI5ZjFkZmM0ZDA0OTcyNDRlNzlmNGU5Nzk3ZTU2MDp7Il9hdXRoX3VzZXJfaWQiOiIxIiwiX2F1dGhfdXNlcl9iYWNrZW5kIjoiZGphbmdvLmNvbnRyaWIuYXV0aC5iYWNrZW5kcy5Nb2RlbEJhY2tlbmQiLCJfYXV0aF91c2VyX2hhc2giOiI0YTc5ODIwYzVlNzllZGQ0Y2U4ZDgxNjVlNThlYTdhNzZkMWE4NDY2In0=','2020-06-25 08:31:09.181446'),
	('dus5h1v86rfg4n1aqnb39kpr88rb91s6','OWVlMmI0YzY5ODI5ZjFkZmM0ZDA0OTcyNDRlNzlmNGU5Nzk3ZTU2MDp7Il9hdXRoX3VzZXJfaWQiOiIxIiwiX2F1dGhfdXNlcl9iYWNrZW5kIjoiZGphbmdvLmNvbnRyaWIuYXV0aC5iYWNrZW5kcy5Nb2RlbEJhY2tlbmQiLCJfYXV0aF91c2VyX2hhc2giOiI0YTc5ODIwYzVlNzllZGQ0Y2U4ZDgxNjVlNThlYTdhNzZkMWE4NDY2In0=','2020-06-24 10:39:52.778020'),
	('dve19upd00aac8l0hervbousf9runhn2','MmYyMDM3YzFkMjI2Yzk1MTEyYzhlNTg1Yjc1MDRhODdiMzljOTkwMDp7Il9hdXRoX3VzZXJfaWQiOiIyIiwiX2F1dGhfdXNlcl9iYWNrZW5kIjoiZGphbmdvLmNvbnRyaWIuYXV0aC5iYWNrZW5kcy5Nb2RlbEJhY2tlbmQiLCJfYXV0aF91c2VyX2hhc2giOiJjZTM1OWZiOTMxYTRjMGVkZWY1MmJjZmQ0NmE5MWY3OTg3ZWNiZjMxIn0=','2020-06-25 09:09:33.021076'),
	('dwqkol0e3w1lpninvutadanv3btye3ka','OWVlMmI0YzY5ODI5ZjFkZmM0ZDA0OTcyNDRlNzlmNGU5Nzk3ZTU2MDp7Il9hdXRoX3VzZXJfaWQiOiIxIiwiX2F1dGhfdXNlcl9iYWNrZW5kIjoiZGphbmdvLmNvbnRyaWIuYXV0aC5iYWNrZW5kcy5Nb2RlbEJhY2tlbmQiLCJfYXV0aF91c2VyX2hhc2giOiI0YTc5ODIwYzVlNzllZGQ0Y2U4ZDgxNjVlNThlYTdhNzZkMWE4NDY2In0=','2020-06-24 04:37:10.443946'),
	('dyo2h5nlyih67dpudqzdnbibt2gqsar4','OWVlMmI0YzY5ODI5ZjFkZmM0ZDA0OTcyNDRlNzlmNGU5Nzk3ZTU2MDp7Il9hdXRoX3VzZXJfaWQiOiIxIiwiX2F1dGhfdXNlcl9iYWNrZW5kIjoiZGphbmdvLmNvbnRyaWIuYXV0aC5iYWNrZW5kcy5Nb2RlbEJhY2tlbmQiLCJfYXV0aF91c2VyX2hhc2giOiI0YTc5ODIwYzVlNzllZGQ0Y2U4ZDgxNjVlNThlYTdhNzZkMWE4NDY2In0=','2020-06-27 09:49:56.871661'),
	('e3cjyfr12l0alkq32p3rzmk5ykm8jv7m','OWVlMmI0YzY5ODI5ZjFkZmM0ZDA0OTcyNDRlNzlmNGU5Nzk3ZTU2MDp7Il9hdXRoX3VzZXJfaWQiOiIxIiwiX2F1dGhfdXNlcl9iYWNrZW5kIjoiZGphbmdvLmNvbnRyaWIuYXV0aC5iYWNrZW5kcy5Nb2RlbEJhY2tlbmQiLCJfYXV0aF91c2VyX2hhc2giOiI0YTc5ODIwYzVlNzllZGQ0Y2U4ZDgxNjVlNThlYTdhNzZkMWE4NDY2In0=','2020-06-27 06:24:45.396656'),
	('e4se2kwzb78tp6iux1po3cpshjj4z37g','OWVlMmI0YzY5ODI5ZjFkZmM0ZDA0OTcyNDRlNzlmNGU5Nzk3ZTU2MDp7Il9hdXRoX3VzZXJfaWQiOiIxIiwiX2F1dGhfdXNlcl9iYWNrZW5kIjoiZGphbmdvLmNvbnRyaWIuYXV0aC5iYWNrZW5kcy5Nb2RlbEJhY2tlbmQiLCJfYXV0aF91c2VyX2hhc2giOiI0YTc5ODIwYzVlNzllZGQ0Y2U4ZDgxNjVlNThlYTdhNzZkMWE4NDY2In0=','2020-06-27 08:13:35.582264'),
	('e6pdk5lo30ipo0cu5spg9thnlk17fvoo','OWVlMmI0YzY5ODI5ZjFkZmM0ZDA0OTcyNDRlNzlmNGU5Nzk3ZTU2MDp7Il9hdXRoX3VzZXJfaWQiOiIxIiwiX2F1dGhfdXNlcl9iYWNrZW5kIjoiZGphbmdvLmNvbnRyaWIuYXV0aC5iYWNrZW5kcy5Nb2RlbEJhY2tlbmQiLCJfYXV0aF91c2VyX2hhc2giOiI0YTc5ODIwYzVlNzllZGQ0Y2U4ZDgxNjVlNThlYTdhNzZkMWE4NDY2In0=','2020-06-25 10:06:14.993197'),
	('e9vmzc0x1vilfy9rrufmnqj9ljhtlymt','OWVlMmI0YzY5ODI5ZjFkZmM0ZDA0OTcyNDRlNzlmNGU5Nzk3ZTU2MDp7Il9hdXRoX3VzZXJfaWQiOiIxIiwiX2F1dGhfdXNlcl9iYWNrZW5kIjoiZGphbmdvLmNvbnRyaWIuYXV0aC5iYWNrZW5kcy5Nb2RlbEJhY2tlbmQiLCJfYXV0aF91c2VyX2hhc2giOiI0YTc5ODIwYzVlNzllZGQ0Y2U4ZDgxNjVlNThlYTdhNzZkMWE4NDY2In0=','2020-06-21 10:04:56.475368'),
	('el0mk4njy7q9cad9o2m1aqxt5dnppv0m','OWVlMmI0YzY5ODI5ZjFkZmM0ZDA0OTcyNDRlNzlmNGU5Nzk3ZTU2MDp7Il9hdXRoX3VzZXJfaWQiOiIxIiwiX2F1dGhfdXNlcl9iYWNrZW5kIjoiZGphbmdvLmNvbnRyaWIuYXV0aC5iYWNrZW5kcy5Nb2RlbEJhY2tlbmQiLCJfYXV0aF91c2VyX2hhc2giOiI0YTc5ODIwYzVlNzllZGQ0Y2U4ZDgxNjVlNThlYTdhNzZkMWE4NDY2In0=','2020-07-11 06:46:20.645916'),
	('emchqzvldte2j9xyz28ghsntmr9qutpt','OWVlMmI0YzY5ODI5ZjFkZmM0ZDA0OTcyNDRlNzlmNGU5Nzk3ZTU2MDp7Il9hdXRoX3VzZXJfaWQiOiIxIiwiX2F1dGhfdXNlcl9iYWNrZW5kIjoiZGphbmdvLmNvbnRyaWIuYXV0aC5iYWNrZW5kcy5Nb2RlbEJhY2tlbmQiLCJfYXV0aF91c2VyX2hhc2giOiI0YTc5ODIwYzVlNzllZGQ0Y2U4ZDgxNjVlNThlYTdhNzZkMWE4NDY2In0=','2020-06-25 02:46:05.920715'),
	('emic0nymy9n0gpcy5wqomiq5sj8v3j3u','OWVlMmI0YzY5ODI5ZjFkZmM0ZDA0OTcyNDRlNzlmNGU5Nzk3ZTU2MDp7Il9hdXRoX3VzZXJfaWQiOiIxIiwiX2F1dGhfdXNlcl9iYWNrZW5kIjoiZGphbmdvLmNvbnRyaWIuYXV0aC5iYWNrZW5kcy5Nb2RlbEJhY2tlbmQiLCJfYXV0aF91c2VyX2hhc2giOiI0YTc5ODIwYzVlNzllZGQ0Y2U4ZDgxNjVlNThlYTdhNzZkMWE4NDY2In0=','2020-07-09 07:28:01.823554'),
	('eo75zt6nws65hpy40256ypt76lxy7b67','OWVlMmI0YzY5ODI5ZjFkZmM0ZDA0OTcyNDRlNzlmNGU5Nzk3ZTU2MDp7Il9hdXRoX3VzZXJfaWQiOiIxIiwiX2F1dGhfdXNlcl9iYWNrZW5kIjoiZGphbmdvLmNvbnRyaWIuYXV0aC5iYWNrZW5kcy5Nb2RlbEJhY2tlbmQiLCJfYXV0aF91c2VyX2hhc2giOiI0YTc5ODIwYzVlNzllZGQ0Y2U4ZDgxNjVlNThlYTdhNzZkMWE4NDY2In0=','2020-06-26 06:11:51.964040'),
	('epcxm9zx8tl103hlm66tzrldtx5jh62r','OWVlMmI0YzY5ODI5ZjFkZmM0ZDA0OTcyNDRlNzlmNGU5Nzk3ZTU2MDp7Il9hdXRoX3VzZXJfaWQiOiIxIiwiX2F1dGhfdXNlcl9iYWNrZW5kIjoiZGphbmdvLmNvbnRyaWIuYXV0aC5iYWNrZW5kcy5Nb2RlbEJhY2tlbmQiLCJfYXV0aF91c2VyX2hhc2giOiI0YTc5ODIwYzVlNzllZGQ0Y2U4ZDgxNjVlNThlYTdhNzZkMWE4NDY2In0=','2020-06-26 06:45:49.128610'),
	('ersvt7bjyumshvch0akwocvh40sikqk2','OWVlMmI0YzY5ODI5ZjFkZmM0ZDA0OTcyNDRlNzlmNGU5Nzk3ZTU2MDp7Il9hdXRoX3VzZXJfaWQiOiIxIiwiX2F1dGhfdXNlcl9iYWNrZW5kIjoiZGphbmdvLmNvbnRyaWIuYXV0aC5iYWNrZW5kcy5Nb2RlbEJhY2tlbmQiLCJfYXV0aF91c2VyX2hhc2giOiI0YTc5ODIwYzVlNzllZGQ0Y2U4ZDgxNjVlNThlYTdhNzZkMWE4NDY2In0=','2020-06-25 09:16:12.052017'),
	('ertrblhdysxbkefjfsrlc13nugmgn0no','OWVlMmI0YzY5ODI5ZjFkZmM0ZDA0OTcyNDRlNzlmNGU5Nzk3ZTU2MDp7Il9hdXRoX3VzZXJfaWQiOiIxIiwiX2F1dGhfdXNlcl9iYWNrZW5kIjoiZGphbmdvLmNvbnRyaWIuYXV0aC5iYWNrZW5kcy5Nb2RlbEJhY2tlbmQiLCJfYXV0aF91c2VyX2hhc2giOiI0YTc5ODIwYzVlNzllZGQ0Y2U4ZDgxNjVlNThlYTdhNzZkMWE4NDY2In0=','2020-06-25 06:17:36.925233'),
	('eudmlxp8u7cztcjtvp23xp94j7drjuqd','OWVlMmI0YzY5ODI5ZjFkZmM0ZDA0OTcyNDRlNzlmNGU5Nzk3ZTU2MDp7Il9hdXRoX3VzZXJfaWQiOiIxIiwiX2F1dGhfdXNlcl9iYWNrZW5kIjoiZGphbmdvLmNvbnRyaWIuYXV0aC5iYWNrZW5kcy5Nb2RlbEJhY2tlbmQiLCJfYXV0aF91c2VyX2hhc2giOiI0YTc5ODIwYzVlNzllZGQ0Y2U4ZDgxNjVlNThlYTdhNzZkMWE4NDY2In0=','2020-06-26 04:25:01.921076'),
	('exqcliqtl7wjytno74er3jgdnlpd28jl','OWVlMmI0YzY5ODI5ZjFkZmM0ZDA0OTcyNDRlNzlmNGU5Nzk3ZTU2MDp7Il9hdXRoX3VzZXJfaWQiOiIxIiwiX2F1dGhfdXNlcl9iYWNrZW5kIjoiZGphbmdvLmNvbnRyaWIuYXV0aC5iYWNrZW5kcy5Nb2RlbEJhY2tlbmQiLCJfYXV0aF91c2VyX2hhc2giOiI0YTc5ODIwYzVlNzllZGQ0Y2U4ZDgxNjVlNThlYTdhNzZkMWE4NDY2In0=','2020-06-25 07:55:50.210411'),
	('eyel3on5n6j6cacceafe7h2vah4ya24j','OWVlMmI0YzY5ODI5ZjFkZmM0ZDA0OTcyNDRlNzlmNGU5Nzk3ZTU2MDp7Il9hdXRoX3VzZXJfaWQiOiIxIiwiX2F1dGhfdXNlcl9iYWNrZW5kIjoiZGphbmdvLmNvbnRyaWIuYXV0aC5iYWNrZW5kcy5Nb2RlbEJhY2tlbmQiLCJfYXV0aF91c2VyX2hhc2giOiI0YTc5ODIwYzVlNzllZGQ0Y2U4ZDgxNjVlNThlYTdhNzZkMWE4NDY2In0=','2020-06-30 06:21:27.712258'),
	('eykp9zpfv2olgr10q86dbg0r00nl4uf9','OWVlMmI0YzY5ODI5ZjFkZmM0ZDA0OTcyNDRlNzlmNGU5Nzk3ZTU2MDp7Il9hdXRoX3VzZXJfaWQiOiIxIiwiX2F1dGhfdXNlcl9iYWNrZW5kIjoiZGphbmdvLmNvbnRyaWIuYXV0aC5iYWNrZW5kcy5Nb2RlbEJhY2tlbmQiLCJfYXV0aF91c2VyX2hhc2giOiI0YTc5ODIwYzVlNzllZGQ0Y2U4ZDgxNjVlNThlYTdhNzZkMWE4NDY2In0=','2020-07-09 07:40:48.994165'),
	('f40ob6w6xakn76xn8y0kxk9e9k1flcad','OWVlMmI0YzY5ODI5ZjFkZmM0ZDA0OTcyNDRlNzlmNGU5Nzk3ZTU2MDp7Il9hdXRoX3VzZXJfaWQiOiIxIiwiX2F1dGhfdXNlcl9iYWNrZW5kIjoiZGphbmdvLmNvbnRyaWIuYXV0aC5iYWNrZW5kcy5Nb2RlbEJhY2tlbmQiLCJfYXV0aF91c2VyX2hhc2giOiI0YTc5ODIwYzVlNzllZGQ0Y2U4ZDgxNjVlNThlYTdhNzZkMWE4NDY2In0=','2020-07-11 06:48:17.255921'),
	('f4jdfrhtbtwpg27hjnk8xgjngf1kg4s4','OWVlMmI0YzY5ODI5ZjFkZmM0ZDA0OTcyNDRlNzlmNGU5Nzk3ZTU2MDp7Il9hdXRoX3VzZXJfaWQiOiIxIiwiX2F1dGhfdXNlcl9iYWNrZW5kIjoiZGphbmdvLmNvbnRyaWIuYXV0aC5iYWNrZW5kcy5Nb2RlbEJhY2tlbmQiLCJfYXV0aF91c2VyX2hhc2giOiI0YTc5ODIwYzVlNzllZGQ0Y2U4ZDgxNjVlNThlYTdhNzZkMWE4NDY2In0=','2020-06-25 02:49:10.367997'),
	('f72aqn3q2kbcu6pzcindyo2bootte3ox','OWVlMmI0YzY5ODI5ZjFkZmM0ZDA0OTcyNDRlNzlmNGU5Nzk3ZTU2MDp7Il9hdXRoX3VzZXJfaWQiOiIxIiwiX2F1dGhfdXNlcl9iYWNrZW5kIjoiZGphbmdvLmNvbnRyaWIuYXV0aC5iYWNrZW5kcy5Nb2RlbEJhY2tlbmQiLCJfYXV0aF91c2VyX2hhc2giOiI0YTc5ODIwYzVlNzllZGQ0Y2U4ZDgxNjVlNThlYTdhNzZkMWE4NDY2In0=','2020-06-21 10:11:13.722279'),
	('f8xcensa8jntx1c0n1701d1eees60aus','OWVlMmI0YzY5ODI5ZjFkZmM0ZDA0OTcyNDRlNzlmNGU5Nzk3ZTU2MDp7Il9hdXRoX3VzZXJfaWQiOiIxIiwiX2F1dGhfdXNlcl9iYWNrZW5kIjoiZGphbmdvLmNvbnRyaWIuYXV0aC5iYWNrZW5kcy5Nb2RlbEJhY2tlbmQiLCJfYXV0aF91c2VyX2hhc2giOiI0YTc5ODIwYzVlNzllZGQ0Y2U4ZDgxNjVlNThlYTdhNzZkMWE4NDY2In0=','2020-06-24 04:12:40.110625'),
	('f9ue5vyhgyhxbxi9mhuncc58tw1acox7','OWVlMmI0YzY5ODI5ZjFkZmM0ZDA0OTcyNDRlNzlmNGU5Nzk3ZTU2MDp7Il9hdXRoX3VzZXJfaWQiOiIxIiwiX2F1dGhfdXNlcl9iYWNrZW5kIjoiZGphbmdvLmNvbnRyaWIuYXV0aC5iYWNrZW5kcy5Nb2RlbEJhY2tlbmQiLCJfYXV0aF91c2VyX2hhc2giOiI0YTc5ODIwYzVlNzllZGQ0Y2U4ZDgxNjVlNThlYTdhNzZkMWE4NDY2In0=','2020-06-22 08:01:46.619218'),
	('fejtfak2cvj40zg9lqf000tc3igt0b65','OWVlMmI0YzY5ODI5ZjFkZmM0ZDA0OTcyNDRlNzlmNGU5Nzk3ZTU2MDp7Il9hdXRoX3VzZXJfaWQiOiIxIiwiX2F1dGhfdXNlcl9iYWNrZW5kIjoiZGphbmdvLmNvbnRyaWIuYXV0aC5iYWNrZW5kcy5Nb2RlbEJhY2tlbmQiLCJfYXV0aF91c2VyX2hhc2giOiI0YTc5ODIwYzVlNzllZGQ0Y2U4ZDgxNjVlNThlYTdhNzZkMWE4NDY2In0=','2020-06-25 02:49:58.196985'),
	('fem96m7r8msj43phhyi8ziwyl00qzmxs','OWVlMmI0YzY5ODI5ZjFkZmM0ZDA0OTcyNDRlNzlmNGU5Nzk3ZTU2MDp7Il9hdXRoX3VzZXJfaWQiOiIxIiwiX2F1dGhfdXNlcl9iYWNrZW5kIjoiZGphbmdvLmNvbnRyaWIuYXV0aC5iYWNrZW5kcy5Nb2RlbEJhY2tlbmQiLCJfYXV0aF91c2VyX2hhc2giOiI0YTc5ODIwYzVlNzllZGQ0Y2U4ZDgxNjVlNThlYTdhNzZkMWE4NDY2In0=','2020-06-27 07:41:43.228482'),
	('ffbr026qf3nsqiqg3tvwb9xnkmcd2odz','OWVlMmI0YzY5ODI5ZjFkZmM0ZDA0OTcyNDRlNzlmNGU5Nzk3ZTU2MDp7Il9hdXRoX3VzZXJfaWQiOiIxIiwiX2F1dGhfdXNlcl9iYWNrZW5kIjoiZGphbmdvLmNvbnRyaWIuYXV0aC5iYWNrZW5kcy5Nb2RlbEJhY2tlbmQiLCJfYXV0aF91c2VyX2hhc2giOiI0YTc5ODIwYzVlNzllZGQ0Y2U4ZDgxNjVlNThlYTdhNzZkMWE4NDY2In0=','2020-06-21 10:25:48.956971'),
	('fh5ij1hzao982ht4drm8s1z5w6395hmj','OWVlMmI0YzY5ODI5ZjFkZmM0ZDA0OTcyNDRlNzlmNGU5Nzk3ZTU2MDp7Il9hdXRoX3VzZXJfaWQiOiIxIiwiX2F1dGhfdXNlcl9iYWNrZW5kIjoiZGphbmdvLmNvbnRyaWIuYXV0aC5iYWNrZW5kcy5Nb2RlbEJhY2tlbmQiLCJfYXV0aF91c2VyX2hhc2giOiI0YTc5ODIwYzVlNzllZGQ0Y2U4ZDgxNjVlNThlYTdhNzZkMWE4NDY2In0=','2020-06-25 09:57:07.441874'),
	('fhcio558ydmo6e1vrzu5be8f3cz8zwp9','OWVlMmI0YzY5ODI5ZjFkZmM0ZDA0OTcyNDRlNzlmNGU5Nzk3ZTU2MDp7Il9hdXRoX3VzZXJfaWQiOiIxIiwiX2F1dGhfdXNlcl9iYWNrZW5kIjoiZGphbmdvLmNvbnRyaWIuYXV0aC5iYWNrZW5kcy5Nb2RlbEJhY2tlbmQiLCJfYXV0aF91c2VyX2hhc2giOiI0YTc5ODIwYzVlNzllZGQ0Y2U4ZDgxNjVlNThlYTdhNzZkMWE4NDY2In0=','2020-06-25 06:57:21.776044'),
	('fj4i0xj7pdgo3v1pbrs71eyvrbnbb7k1','OWVlMmI0YzY5ODI5ZjFkZmM0ZDA0OTcyNDRlNzlmNGU5Nzk3ZTU2MDp7Il9hdXRoX3VzZXJfaWQiOiIxIiwiX2F1dGhfdXNlcl9iYWNrZW5kIjoiZGphbmdvLmNvbnRyaWIuYXV0aC5iYWNrZW5kcy5Nb2RlbEJhY2tlbmQiLCJfYXV0aF91c2VyX2hhc2giOiI0YTc5ODIwYzVlNzllZGQ0Y2U4ZDgxNjVlNThlYTdhNzZkMWE4NDY2In0=','2020-06-27 10:57:52.254513'),
	('fser6wv39qp625fuq8v13aqod4tleyrb','OWVlMmI0YzY5ODI5ZjFkZmM0ZDA0OTcyNDRlNzlmNGU5Nzk3ZTU2MDp7Il9hdXRoX3VzZXJfaWQiOiIxIiwiX2F1dGhfdXNlcl9iYWNrZW5kIjoiZGphbmdvLmNvbnRyaWIuYXV0aC5iYWNrZW5kcy5Nb2RlbEJhY2tlbmQiLCJfYXV0aF91c2VyX2hhc2giOiI0YTc5ODIwYzVlNzllZGQ0Y2U4ZDgxNjVlNThlYTdhNzZkMWE4NDY2In0=','2020-06-27 08:52:45.693579'),
	('ftsuoc9z894xoxftx2ynjmkvbugtq97w','OWVlMmI0YzY5ODI5ZjFkZmM0ZDA0OTcyNDRlNzlmNGU5Nzk3ZTU2MDp7Il9hdXRoX3VzZXJfaWQiOiIxIiwiX2F1dGhfdXNlcl9iYWNrZW5kIjoiZGphbmdvLmNvbnRyaWIuYXV0aC5iYWNrZW5kcy5Nb2RlbEJhY2tlbmQiLCJfYXV0aF91c2VyX2hhc2giOiI0YTc5ODIwYzVlNzllZGQ0Y2U4ZDgxNjVlNThlYTdhNzZkMWE4NDY2In0=','2020-06-25 10:11:30.047664'),
	('fwabbiq6za1cs1387yvzpwt7iqkol7b9','OWVlMmI0YzY5ODI5ZjFkZmM0ZDA0OTcyNDRlNzlmNGU5Nzk3ZTU2MDp7Il9hdXRoX3VzZXJfaWQiOiIxIiwiX2F1dGhfdXNlcl9iYWNrZW5kIjoiZGphbmdvLmNvbnRyaWIuYXV0aC5iYWNrZW5kcy5Nb2RlbEJhY2tlbmQiLCJfYXV0aF91c2VyX2hhc2giOiI0YTc5ODIwYzVlNzllZGQ0Y2U4ZDgxNjVlNThlYTdhNzZkMWE4NDY2In0=','2020-06-25 06:09:00.431903'),
	('g28rzfeelnzbor4cv22n1txl9hd13xq2','MDI5YTg3Yzc4OTk0MmYwYjgwNGVhYTA2NWY3OGM3M2RlZmY1ZjM0NDp7Il9hdXRoX3VzZXJfaWQiOiIyIiwiX2F1dGhfdXNlcl9iYWNrZW5kIjoiZGphbmdvLmNvbnRyaWIuYXV0aC5iYWNrZW5kcy5Nb2RlbEJhY2tlbmQiLCJfYXV0aF91c2VyX2hhc2giOiI4ODNjNjhjODUzMzRlNjExMTc5MTMyZjhkY2Y4MzQ2MDVlZmY0N2MxIn0=','2020-06-21 08:26:04.602845'),
	('g6brypddtevelazrafu1piqdyu9247lz','OWVlMmI0YzY5ODI5ZjFkZmM0ZDA0OTcyNDRlNzlmNGU5Nzk3ZTU2MDp7Il9hdXRoX3VzZXJfaWQiOiIxIiwiX2F1dGhfdXNlcl9iYWNrZW5kIjoiZGphbmdvLmNvbnRyaWIuYXV0aC5iYWNrZW5kcy5Nb2RlbEJhY2tlbmQiLCJfYXV0aF91c2VyX2hhc2giOiI0YTc5ODIwYzVlNzllZGQ0Y2U4ZDgxNjVlNThlYTdhNzZkMWE4NDY2In0=','2020-06-22 08:30:40.417614'),
	('g8hhouwyt924tsqzzlusdnumo3hfnxmx','OWVlMmI0YzY5ODI5ZjFkZmM0ZDA0OTcyNDRlNzlmNGU5Nzk3ZTU2MDp7Il9hdXRoX3VzZXJfaWQiOiIxIiwiX2F1dGhfdXNlcl9iYWNrZW5kIjoiZGphbmdvLmNvbnRyaWIuYXV0aC5iYWNrZW5kcy5Nb2RlbEJhY2tlbmQiLCJfYXV0aF91c2VyX2hhc2giOiI0YTc5ODIwYzVlNzllZGQ0Y2U4ZDgxNjVlNThlYTdhNzZkMWE4NDY2In0=','2020-06-30 06:07:36.914881'),
	('gbs8t1nczyf08nuh15ciqm871gsfyyxe','OWVlMmI0YzY5ODI5ZjFkZmM0ZDA0OTcyNDRlNzlmNGU5Nzk3ZTU2MDp7Il9hdXRoX3VzZXJfaWQiOiIxIiwiX2F1dGhfdXNlcl9iYWNrZW5kIjoiZGphbmdvLmNvbnRyaWIuYXV0aC5iYWNrZW5kcy5Nb2RlbEJhY2tlbmQiLCJfYXV0aF91c2VyX2hhc2giOiI0YTc5ODIwYzVlNzllZGQ0Y2U4ZDgxNjVlNThlYTdhNzZkMWE4NDY2In0=','2020-06-26 05:25:37.555597'),
	('ge0sclszxx6wet4gc3z9yqym68uuuyke','OWVlMmI0YzY5ODI5ZjFkZmM0ZDA0OTcyNDRlNzlmNGU5Nzk3ZTU2MDp7Il9hdXRoX3VzZXJfaWQiOiIxIiwiX2F1dGhfdXNlcl9iYWNrZW5kIjoiZGphbmdvLmNvbnRyaWIuYXV0aC5iYWNrZW5kcy5Nb2RlbEJhY2tlbmQiLCJfYXV0aF91c2VyX2hhc2giOiI0YTc5ODIwYzVlNzllZGQ0Y2U4ZDgxNjVlNThlYTdhNzZkMWE4NDY2In0=','2020-06-25 09:09:13.736540'),
	('gfqcwluhaj1ykw87dol7inapdz2gcplm','OWVlMmI0YzY5ODI5ZjFkZmM0ZDA0OTcyNDRlNzlmNGU5Nzk3ZTU2MDp7Il9hdXRoX3VzZXJfaWQiOiIxIiwiX2F1dGhfdXNlcl9iYWNrZW5kIjoiZGphbmdvLmNvbnRyaWIuYXV0aC5iYWNrZW5kcy5Nb2RlbEJhY2tlbmQiLCJfYXV0aF91c2VyX2hhc2giOiI0YTc5ODIwYzVlNzllZGQ0Y2U4ZDgxNjVlNThlYTdhNzZkMWE4NDY2In0=','2020-06-26 03:54:14.998798'),
	('ggsucm3izpx8w14reb9lv050nb3pervy','OWVlMmI0YzY5ODI5ZjFkZmM0ZDA0OTcyNDRlNzlmNGU5Nzk3ZTU2MDp7Il9hdXRoX3VzZXJfaWQiOiIxIiwiX2F1dGhfdXNlcl9iYWNrZW5kIjoiZGphbmdvLmNvbnRyaWIuYXV0aC5iYWNrZW5kcy5Nb2RlbEJhY2tlbmQiLCJfYXV0aF91c2VyX2hhc2giOiI0YTc5ODIwYzVlNzllZGQ0Y2U4ZDgxNjVlNThlYTdhNzZkMWE4NDY2In0=','2020-07-11 06:56:57.631064'),
	('ghpjcz4cpkb5q7p8otgj0kxc3m9dmfh9','OWVlMmI0YzY5ODI5ZjFkZmM0ZDA0OTcyNDRlNzlmNGU5Nzk3ZTU2MDp7Il9hdXRoX3VzZXJfaWQiOiIxIiwiX2F1dGhfdXNlcl9iYWNrZW5kIjoiZGphbmdvLmNvbnRyaWIuYXV0aC5iYWNrZW5kcy5Nb2RlbEJhY2tlbmQiLCJfYXV0aF91c2VyX2hhc2giOiI0YTc5ODIwYzVlNzllZGQ0Y2U4ZDgxNjVlNThlYTdhNzZkMWE4NDY2In0=','2020-06-22 08:03:38.841010'),
	('gj5cmasgbfrejb51criz987efyv0c0ja','OWVlMmI0YzY5ODI5ZjFkZmM0ZDA0OTcyNDRlNzlmNGU5Nzk3ZTU2MDp7Il9hdXRoX3VzZXJfaWQiOiIxIiwiX2F1dGhfdXNlcl9iYWNrZW5kIjoiZGphbmdvLmNvbnRyaWIuYXV0aC5iYWNrZW5kcy5Nb2RlbEJhY2tlbmQiLCJfYXV0aF91c2VyX2hhc2giOiI0YTc5ODIwYzVlNzllZGQ0Y2U4ZDgxNjVlNThlYTdhNzZkMWE4NDY2In0=','2020-06-26 06:32:33.952304'),
	('gl7nsrbkw75i9ijva8x4k7a3pw1g8kh7','OWVlMmI0YzY5ODI5ZjFkZmM0ZDA0OTcyNDRlNzlmNGU5Nzk3ZTU2MDp7Il9hdXRoX3VzZXJfaWQiOiIxIiwiX2F1dGhfdXNlcl9iYWNrZW5kIjoiZGphbmdvLmNvbnRyaWIuYXV0aC5iYWNrZW5kcy5Nb2RlbEJhY2tlbmQiLCJfYXV0aF91c2VyX2hhc2giOiI0YTc5ODIwYzVlNzllZGQ0Y2U4ZDgxNjVlNThlYTdhNzZkMWE4NDY2In0=','2020-06-30 06:50:13.152834'),
	('gpmhl4gols6bmm2djrmd7dudi57azwt7','OWVlMmI0YzY5ODI5ZjFkZmM0ZDA0OTcyNDRlNzlmNGU5Nzk3ZTU2MDp7Il9hdXRoX3VzZXJfaWQiOiIxIiwiX2F1dGhfdXNlcl9iYWNrZW5kIjoiZGphbmdvLmNvbnRyaWIuYXV0aC5iYWNrZW5kcy5Nb2RlbEJhY2tlbmQiLCJfYXV0aF91c2VyX2hhc2giOiI0YTc5ODIwYzVlNzllZGQ0Y2U4ZDgxNjVlNThlYTdhNzZkMWE4NDY2In0=','2020-06-21 09:57:26.107753'),
	('gq0zitzd2kjj3k7oxchebgzgjphgxt83','OWVlMmI0YzY5ODI5ZjFkZmM0ZDA0OTcyNDRlNzlmNGU5Nzk3ZTU2MDp7Il9hdXRoX3VzZXJfaWQiOiIxIiwiX2F1dGhfdXNlcl9iYWNrZW5kIjoiZGphbmdvLmNvbnRyaWIuYXV0aC5iYWNrZW5kcy5Nb2RlbEJhY2tlbmQiLCJfYXV0aF91c2VyX2hhc2giOiI0YTc5ODIwYzVlNzllZGQ0Y2U4ZDgxNjVlNThlYTdhNzZkMWE4NDY2In0=','2020-07-04 05:55:03.393363'),
	('gr671dmgl73zhzmy99bl5895cj1j7qkq','OWVlMmI0YzY5ODI5ZjFkZmM0ZDA0OTcyNDRlNzlmNGU5Nzk3ZTU2MDp7Il9hdXRoX3VzZXJfaWQiOiIxIiwiX2F1dGhfdXNlcl9iYWNrZW5kIjoiZGphbmdvLmNvbnRyaWIuYXV0aC5iYWNrZW5kcy5Nb2RlbEJhY2tlbmQiLCJfYXV0aF91c2VyX2hhc2giOiI0YTc5ODIwYzVlNzllZGQ0Y2U4ZDgxNjVlNThlYTdhNzZkMWE4NDY2In0=','2020-06-22 07:59:06.620228'),
	('gtn4tqd4j5a2ny262t713d87429317my','OWVlMmI0YzY5ODI5ZjFkZmM0ZDA0OTcyNDRlNzlmNGU5Nzk3ZTU2MDp7Il9hdXRoX3VzZXJfaWQiOiIxIiwiX2F1dGhfdXNlcl9iYWNrZW5kIjoiZGphbmdvLmNvbnRyaWIuYXV0aC5iYWNrZW5kcy5Nb2RlbEJhY2tlbmQiLCJfYXV0aF91c2VyX2hhc2giOiI0YTc5ODIwYzVlNzllZGQ0Y2U4ZDgxNjVlNThlYTdhNzZkMWE4NDY2In0=','2020-06-26 03:55:33.171896'),
	('gu9964b1c0gg1m3xg31ul5bwp17874nx','OWVlMmI0YzY5ODI5ZjFkZmM0ZDA0OTcyNDRlNzlmNGU5Nzk3ZTU2MDp7Il9hdXRoX3VzZXJfaWQiOiIxIiwiX2F1dGhfdXNlcl9iYWNrZW5kIjoiZGphbmdvLmNvbnRyaWIuYXV0aC5iYWNrZW5kcy5Nb2RlbEJhY2tlbmQiLCJfYXV0aF91c2VyX2hhc2giOiI0YTc5ODIwYzVlNzllZGQ0Y2U4ZDgxNjVlNThlYTdhNzZkMWE4NDY2In0=','2020-06-24 04:03:41.146297'),
	('gvhiwgiaibzl9wms2pieqbtwlmzhrrsh','OWVlMmI0YzY5ODI5ZjFkZmM0ZDA0OTcyNDRlNzlmNGU5Nzk3ZTU2MDp7Il9hdXRoX3VzZXJfaWQiOiIxIiwiX2F1dGhfdXNlcl9iYWNrZW5kIjoiZGphbmdvLmNvbnRyaWIuYXV0aC5iYWNrZW5kcy5Nb2RlbEJhY2tlbmQiLCJfYXV0aF91c2VyX2hhc2giOiI0YTc5ODIwYzVlNzllZGQ0Y2U4ZDgxNjVlNThlYTdhNzZkMWE4NDY2In0=','2020-07-09 07:11:04.933699'),
	('h43vwa8dq2jc0r0aq4q2cjjue2zsxs1o','OWVlMmI0YzY5ODI5ZjFkZmM0ZDA0OTcyNDRlNzlmNGU5Nzk3ZTU2MDp7Il9hdXRoX3VzZXJfaWQiOiIxIiwiX2F1dGhfdXNlcl9iYWNrZW5kIjoiZGphbmdvLmNvbnRyaWIuYXV0aC5iYWNrZW5kcy5Nb2RlbEJhY2tlbmQiLCJfYXV0aF91c2VyX2hhc2giOiI0YTc5ODIwYzVlNzllZGQ0Y2U4ZDgxNjVlNThlYTdhNzZkMWE4NDY2In0=','2020-06-26 06:13:21.288772'),
	('h44370fjtobhs0zp6zim7od1yfox0yy5','OWVlMmI0YzY5ODI5ZjFkZmM0ZDA0OTcyNDRlNzlmNGU5Nzk3ZTU2MDp7Il9hdXRoX3VzZXJfaWQiOiIxIiwiX2F1dGhfdXNlcl9iYWNrZW5kIjoiZGphbmdvLmNvbnRyaWIuYXV0aC5iYWNrZW5kcy5Nb2RlbEJhY2tlbmQiLCJfYXV0aF91c2VyX2hhc2giOiI0YTc5ODIwYzVlNzllZGQ0Y2U4ZDgxNjVlNThlYTdhNzZkMWE4NDY2In0=','2020-06-25 02:46:51.947059'),
	('h794w8f3tjig0so8zr0wj3z5mu26izkq','OWVlMmI0YzY5ODI5ZjFkZmM0ZDA0OTcyNDRlNzlmNGU5Nzk3ZTU2MDp7Il9hdXRoX3VzZXJfaWQiOiIxIiwiX2F1dGhfdXNlcl9iYWNrZW5kIjoiZGphbmdvLmNvbnRyaWIuYXV0aC5iYWNrZW5kcy5Nb2RlbEJhY2tlbmQiLCJfYXV0aF91c2VyX2hhc2giOiI0YTc5ODIwYzVlNzllZGQ0Y2U4ZDgxNjVlNThlYTdhNzZkMWE4NDY2In0=','2020-07-11 07:03:07.511455'),
	('h9hya8zkqf619v88sufanqkdgns6zjo2','OWVlMmI0YzY5ODI5ZjFkZmM0ZDA0OTcyNDRlNzlmNGU5Nzk3ZTU2MDp7Il9hdXRoX3VzZXJfaWQiOiIxIiwiX2F1dGhfdXNlcl9iYWNrZW5kIjoiZGphbmdvLmNvbnRyaWIuYXV0aC5iYWNrZW5kcy5Nb2RlbEJhY2tlbmQiLCJfYXV0aF91c2VyX2hhc2giOiI0YTc5ODIwYzVlNzllZGQ0Y2U4ZDgxNjVlNThlYTdhNzZkMWE4NDY2In0=','2020-06-26 06:48:54.997326'),
	('ha6x85jxm5q75fy2zyaupmdr7ksh5wfp','OWVlMmI0YzY5ODI5ZjFkZmM0ZDA0OTcyNDRlNzlmNGU5Nzk3ZTU2MDp7Il9hdXRoX3VzZXJfaWQiOiIxIiwiX2F1dGhfdXNlcl9iYWNrZW5kIjoiZGphbmdvLmNvbnRyaWIuYXV0aC5iYWNrZW5kcy5Nb2RlbEJhY2tlbmQiLCJfYXV0aF91c2VyX2hhc2giOiI0YTc5ODIwYzVlNzllZGQ0Y2U4ZDgxNjVlNThlYTdhNzZkMWE4NDY2In0=','2020-06-27 11:13:08.034816'),
	('hil6q3qnxaykzha18k6cwc8gwyvz5vfu','OWVlMmI0YzY5ODI5ZjFkZmM0ZDA0OTcyNDRlNzlmNGU5Nzk3ZTU2MDp7Il9hdXRoX3VzZXJfaWQiOiIxIiwiX2F1dGhfdXNlcl9iYWNrZW5kIjoiZGphbmdvLmNvbnRyaWIuYXV0aC5iYWNrZW5kcy5Nb2RlbEJhY2tlbmQiLCJfYXV0aF91c2VyX2hhc2giOiI0YTc5ODIwYzVlNzllZGQ0Y2U4ZDgxNjVlNThlYTdhNzZkMWE4NDY2In0=','2020-06-23 08:38:09.069262'),
	('hk7i00kgrf8jp3yhb4ok8ax15npsxqn4','OWVlMmI0YzY5ODI5ZjFkZmM0ZDA0OTcyNDRlNzlmNGU5Nzk3ZTU2MDp7Il9hdXRoX3VzZXJfaWQiOiIxIiwiX2F1dGhfdXNlcl9iYWNrZW5kIjoiZGphbmdvLmNvbnRyaWIuYXV0aC5iYWNrZW5kcy5Nb2RlbEJhY2tlbmQiLCJfYXV0aF91c2VyX2hhc2giOiI0YTc5ODIwYzVlNzllZGQ0Y2U4ZDgxNjVlNThlYTdhNzZkMWE4NDY2In0=','2020-06-30 06:36:17.163763'),
	('hllwwa6gn9rmslb2xyjkh5mvpw4f6jr0','OWVlMmI0YzY5ODI5ZjFkZmM0ZDA0OTcyNDRlNzlmNGU5Nzk3ZTU2MDp7Il9hdXRoX3VzZXJfaWQiOiIxIiwiX2F1dGhfdXNlcl9iYWNrZW5kIjoiZGphbmdvLmNvbnRyaWIuYXV0aC5iYWNrZW5kcy5Nb2RlbEJhY2tlbmQiLCJfYXV0aF91c2VyX2hhc2giOiI0YTc5ODIwYzVlNzllZGQ0Y2U4ZDgxNjVlNThlYTdhNzZkMWE4NDY2In0=','2020-06-26 06:15:31.135110'),
	('ho3eivm4oxquhpq50210sg0jbfzh6u10','OWVlMmI0YzY5ODI5ZjFkZmM0ZDA0OTcyNDRlNzlmNGU5Nzk3ZTU2MDp7Il9hdXRoX3VzZXJfaWQiOiIxIiwiX2F1dGhfdXNlcl9iYWNrZW5kIjoiZGphbmdvLmNvbnRyaWIuYXV0aC5iYWNrZW5kcy5Nb2RlbEJhY2tlbmQiLCJfYXV0aF91c2VyX2hhc2giOiI0YTc5ODIwYzVlNzllZGQ0Y2U4ZDgxNjVlNThlYTdhNzZkMWE4NDY2In0=','2020-07-11 04:58:59.335576'),
	('hpyxr6m2w3wvntn4u9fzppihpiuecnoj','OWVlMmI0YzY5ODI5ZjFkZmM0ZDA0OTcyNDRlNzlmNGU5Nzk3ZTU2MDp7Il9hdXRoX3VzZXJfaWQiOiIxIiwiX2F1dGhfdXNlcl9iYWNrZW5kIjoiZGphbmdvLmNvbnRyaWIuYXV0aC5iYWNrZW5kcy5Nb2RlbEJhY2tlbmQiLCJfYXV0aF91c2VyX2hhc2giOiI0YTc5ODIwYzVlNzllZGQ0Y2U4ZDgxNjVlNThlYTdhNzZkMWE4NDY2In0=','2020-06-27 14:57:53.028168'),
	('hrozu3ph56v6v41gr455pnf7ieicxeym','OWVlMmI0YzY5ODI5ZjFkZmM0ZDA0OTcyNDRlNzlmNGU5Nzk3ZTU2MDp7Il9hdXRoX3VzZXJfaWQiOiIxIiwiX2F1dGhfdXNlcl9iYWNrZW5kIjoiZGphbmdvLmNvbnRyaWIuYXV0aC5iYWNrZW5kcy5Nb2RlbEJhY2tlbmQiLCJfYXV0aF91c2VyX2hhc2giOiI0YTc5ODIwYzVlNzllZGQ0Y2U4ZDgxNjVlNThlYTdhNzZkMWE4NDY2In0=','2020-07-09 07:32:29.119788'),
	('htei8vhwxh318r0t7cqqctywrmen5d7l','OWVlMmI0YzY5ODI5ZjFkZmM0ZDA0OTcyNDRlNzlmNGU5Nzk3ZTU2MDp7Il9hdXRoX3VzZXJfaWQiOiIxIiwiX2F1dGhfdXNlcl9iYWNrZW5kIjoiZGphbmdvLmNvbnRyaWIuYXV0aC5iYWNrZW5kcy5Nb2RlbEJhY2tlbmQiLCJfYXV0aF91c2VyX2hhc2giOiI0YTc5ODIwYzVlNzllZGQ0Y2U4ZDgxNjVlNThlYTdhNzZkMWE4NDY2In0=','2020-06-25 08:20:00.732574'),
	('htm8favcgpovklzwwm2euo47kez4zzp6','OWVlMmI0YzY5ODI5ZjFkZmM0ZDA0OTcyNDRlNzlmNGU5Nzk3ZTU2MDp7Il9hdXRoX3VzZXJfaWQiOiIxIiwiX2F1dGhfdXNlcl9iYWNrZW5kIjoiZGphbmdvLmNvbnRyaWIuYXV0aC5iYWNrZW5kcy5Nb2RlbEJhY2tlbmQiLCJfYXV0aF91c2VyX2hhc2giOiI0YTc5ODIwYzVlNzllZGQ0Y2U4ZDgxNjVlNThlYTdhNzZkMWE4NDY2In0=','2020-06-25 02:18:12.517584'),
	('hv1drc5ftxibax6ewwfwwdbq2nv4vbkk','OWVlMmI0YzY5ODI5ZjFkZmM0ZDA0OTcyNDRlNzlmNGU5Nzk3ZTU2MDp7Il9hdXRoX3VzZXJfaWQiOiIxIiwiX2F1dGhfdXNlcl9iYWNrZW5kIjoiZGphbmdvLmNvbnRyaWIuYXV0aC5iYWNrZW5kcy5Nb2RlbEJhY2tlbmQiLCJfYXV0aF91c2VyX2hhc2giOiI0YTc5ODIwYzVlNzllZGQ0Y2U4ZDgxNjVlNThlYTdhNzZkMWE4NDY2In0=','2020-06-21 10:10:41.513633'),
	('hv81nu1tz1dl2pkvmrvce4asmbd6bkqz','MmYyMDM3YzFkMjI2Yzk1MTEyYzhlNTg1Yjc1MDRhODdiMzljOTkwMDp7Il9hdXRoX3VzZXJfaWQiOiIyIiwiX2F1dGhfdXNlcl9iYWNrZW5kIjoiZGphbmdvLmNvbnRyaWIuYXV0aC5iYWNrZW5kcy5Nb2RlbEJhY2tlbmQiLCJfYXV0aF91c2VyX2hhc2giOiJjZTM1OWZiOTMxYTRjMGVkZWY1MmJjZmQ0NmE5MWY3OTg3ZWNiZjMxIn0=','2020-06-25 09:41:43.889760'),
	('hwlozxgwwl2kxlmwkfmfnfdrt1tki6hc','MmYyMDM3YzFkMjI2Yzk1MTEyYzhlNTg1Yjc1MDRhODdiMzljOTkwMDp7Il9hdXRoX3VzZXJfaWQiOiIyIiwiX2F1dGhfdXNlcl9iYWNrZW5kIjoiZGphbmdvLmNvbnRyaWIuYXV0aC5iYWNrZW5kcy5Nb2RlbEJhY2tlbmQiLCJfYXV0aF91c2VyX2hhc2giOiJjZTM1OWZiOTMxYTRjMGVkZWY1MmJjZmQ0NmE5MWY3OTg3ZWNiZjMxIn0=','2020-06-25 09:34:27.984416'),
	('i433bef8rq6woadqwmeji1wybu0zcfr7','OWVlMmI0YzY5ODI5ZjFkZmM0ZDA0OTcyNDRlNzlmNGU5Nzk3ZTU2MDp7Il9hdXRoX3VzZXJfaWQiOiIxIiwiX2F1dGhfdXNlcl9iYWNrZW5kIjoiZGphbmdvLmNvbnRyaWIuYXV0aC5iYWNrZW5kcy5Nb2RlbEJhY2tlbmQiLCJfYXV0aF91c2VyX2hhc2giOiI0YTc5ODIwYzVlNzllZGQ0Y2U4ZDgxNjVlNThlYTdhNzZkMWE4NDY2In0=','2020-06-27 08:38:04.943117'),
	('i5fpwucdiqgcta2jps66njudfb403la7','OWVlMmI0YzY5ODI5ZjFkZmM0ZDA0OTcyNDRlNzlmNGU5Nzk3ZTU2MDp7Il9hdXRoX3VzZXJfaWQiOiIxIiwiX2F1dGhfdXNlcl9iYWNrZW5kIjoiZGphbmdvLmNvbnRyaWIuYXV0aC5iYWNrZW5kcy5Nb2RlbEJhY2tlbmQiLCJfYXV0aF91c2VyX2hhc2giOiI0YTc5ODIwYzVlNzllZGQ0Y2U4ZDgxNjVlNThlYTdhNzZkMWE4NDY2In0=','2020-06-26 05:37:03.005140'),
	('i5gskxibg8iidune5ym4urpi07dix9m0','OWVlMmI0YzY5ODI5ZjFkZmM0ZDA0OTcyNDRlNzlmNGU5Nzk3ZTU2MDp7Il9hdXRoX3VzZXJfaWQiOiIxIiwiX2F1dGhfdXNlcl9iYWNrZW5kIjoiZGphbmdvLmNvbnRyaWIuYXV0aC5iYWNrZW5kcy5Nb2RlbEJhY2tlbmQiLCJfYXV0aF91c2VyX2hhc2giOiI0YTc5ODIwYzVlNzllZGQ0Y2U4ZDgxNjVlNThlYTdhNzZkMWE4NDY2In0=','2020-06-30 06:22:12.864461'),
	('icsmfz570w2ny978fjsz25sy0ej83qpl','OWVlMmI0YzY5ODI5ZjFkZmM0ZDA0OTcyNDRlNzlmNGU5Nzk3ZTU2MDp7Il9hdXRoX3VzZXJfaWQiOiIxIiwiX2F1dGhfdXNlcl9iYWNrZW5kIjoiZGphbmdvLmNvbnRyaWIuYXV0aC5iYWNrZW5kcy5Nb2RlbEJhY2tlbmQiLCJfYXV0aF91c2VyX2hhc2giOiI0YTc5ODIwYzVlNzllZGQ0Y2U4ZDgxNjVlNThlYTdhNzZkMWE4NDY2In0=','2020-07-11 03:28:54.977488'),
	('if6jv891u8n1n05oddqo12vdu176fu0g','OWVlMmI0YzY5ODI5ZjFkZmM0ZDA0OTcyNDRlNzlmNGU5Nzk3ZTU2MDp7Il9hdXRoX3VzZXJfaWQiOiIxIiwiX2F1dGhfdXNlcl9iYWNrZW5kIjoiZGphbmdvLmNvbnRyaWIuYXV0aC5iYWNrZW5kcy5Nb2RlbEJhY2tlbmQiLCJfYXV0aF91c2VyX2hhc2giOiI0YTc5ODIwYzVlNzllZGQ0Y2U4ZDgxNjVlNThlYTdhNzZkMWE4NDY2In0=','2020-07-11 06:59:11.264752'),
	('ihcoiwi7ij25hic7yu6esz1wffe0zooc','OWVlMmI0YzY5ODI5ZjFkZmM0ZDA0OTcyNDRlNzlmNGU5Nzk3ZTU2MDp7Il9hdXRoX3VzZXJfaWQiOiIxIiwiX2F1dGhfdXNlcl9iYWNrZW5kIjoiZGphbmdvLmNvbnRyaWIuYXV0aC5iYWNrZW5kcy5Nb2RlbEJhY2tlbmQiLCJfYXV0aF91c2VyX2hhc2giOiI0YTc5ODIwYzVlNzllZGQ0Y2U4ZDgxNjVlNThlYTdhNzZkMWE4NDY2In0=','2020-06-27 10:45:18.067279'),
	('imxsqlx418emtc37oq27u67s5hs9s0kx','OWVlMmI0YzY5ODI5ZjFkZmM0ZDA0OTcyNDRlNzlmNGU5Nzk3ZTU2MDp7Il9hdXRoX3VzZXJfaWQiOiIxIiwiX2F1dGhfdXNlcl9iYWNrZW5kIjoiZGphbmdvLmNvbnRyaWIuYXV0aC5iYWNrZW5kcy5Nb2RlbEJhY2tlbmQiLCJfYXV0aF91c2VyX2hhc2giOiI0YTc5ODIwYzVlNzllZGQ0Y2U4ZDgxNjVlNThlYTdhNzZkMWE4NDY2In0=','2020-06-27 05:33:54.855719'),
	('insu1c1qnxo463fz9zja2mb47vvha072','OWVlMmI0YzY5ODI5ZjFkZmM0ZDA0OTcyNDRlNzlmNGU5Nzk3ZTU2MDp7Il9hdXRoX3VzZXJfaWQiOiIxIiwiX2F1dGhfdXNlcl9iYWNrZW5kIjoiZGphbmdvLmNvbnRyaWIuYXV0aC5iYWNrZW5kcy5Nb2RlbEJhY2tlbmQiLCJfYXV0aF91c2VyX2hhc2giOiI0YTc5ODIwYzVlNzllZGQ0Y2U4ZDgxNjVlNThlYTdhNzZkMWE4NDY2In0=','2020-06-25 07:02:30.733367'),
	('io5neqi42lkvi0383yi71y0um12uktzb','OWVlMmI0YzY5ODI5ZjFkZmM0ZDA0OTcyNDRlNzlmNGU5Nzk3ZTU2MDp7Il9hdXRoX3VzZXJfaWQiOiIxIiwiX2F1dGhfdXNlcl9iYWNrZW5kIjoiZGphbmdvLmNvbnRyaWIuYXV0aC5iYWNrZW5kcy5Nb2RlbEJhY2tlbmQiLCJfYXV0aF91c2VyX2hhc2giOiI0YTc5ODIwYzVlNzllZGQ0Y2U4ZDgxNjVlNThlYTdhNzZkMWE4NDY2In0=','2020-06-23 10:19:23.156105'),
	('iqjor3bijri82nwoqb3rfbvro58mx10v','OWVlMmI0YzY5ODI5ZjFkZmM0ZDA0OTcyNDRlNzlmNGU5Nzk3ZTU2MDp7Il9hdXRoX3VzZXJfaWQiOiIxIiwiX2F1dGhfdXNlcl9iYWNrZW5kIjoiZGphbmdvLmNvbnRyaWIuYXV0aC5iYWNrZW5kcy5Nb2RlbEJhY2tlbmQiLCJfYXV0aF91c2VyX2hhc2giOiI0YTc5ODIwYzVlNzllZGQ0Y2U4ZDgxNjVlNThlYTdhNzZkMWE4NDY2In0=','2020-06-27 14:27:47.766123'),
	('iucskyq8t9eo1rohgdmdckmwpdefgf9s','MmYyMDM3YzFkMjI2Yzk1MTEyYzhlNTg1Yjc1MDRhODdiMzljOTkwMDp7Il9hdXRoX3VzZXJfaWQiOiIyIiwiX2F1dGhfdXNlcl9iYWNrZW5kIjoiZGphbmdvLmNvbnRyaWIuYXV0aC5iYWNrZW5kcy5Nb2RlbEJhY2tlbmQiLCJfYXV0aF91c2VyX2hhc2giOiJjZTM1OWZiOTMxYTRjMGVkZWY1MmJjZmQ0NmE5MWY3OTg3ZWNiZjMxIn0=','2020-07-01 10:07:47.384370'),
	('iuefyhtsgc0338h5hymv0407ccqtanhl','OWVlMmI0YzY5ODI5ZjFkZmM0ZDA0OTcyNDRlNzlmNGU5Nzk3ZTU2MDp7Il9hdXRoX3VzZXJfaWQiOiIxIiwiX2F1dGhfdXNlcl9iYWNrZW5kIjoiZGphbmdvLmNvbnRyaWIuYXV0aC5iYWNrZW5kcy5Nb2RlbEJhY2tlbmQiLCJfYXV0aF91c2VyX2hhc2giOiI0YTc5ODIwYzVlNzllZGQ0Y2U4ZDgxNjVlNThlYTdhNzZkMWE4NDY2In0=','2020-06-25 08:02:39.958674'),
	('ix4587uwzq84yhlc1pudggoe9viaiddz','OWVlMmI0YzY5ODI5ZjFkZmM0ZDA0OTcyNDRlNzlmNGU5Nzk3ZTU2MDp7Il9hdXRoX3VzZXJfaWQiOiIxIiwiX2F1dGhfdXNlcl9iYWNrZW5kIjoiZGphbmdvLmNvbnRyaWIuYXV0aC5iYWNrZW5kcy5Nb2RlbEJhY2tlbmQiLCJfYXV0aF91c2VyX2hhc2giOiI0YTc5ODIwYzVlNzllZGQ0Y2U4ZDgxNjVlNThlYTdhNzZkMWE4NDY2In0=','2020-07-09 07:31:35.639281'),
	('ix5im3prruyajs3mvqte2elh7oz5fkxu','OWVlMmI0YzY5ODI5ZjFkZmM0ZDA0OTcyNDRlNzlmNGU5Nzk3ZTU2MDp7Il9hdXRoX3VzZXJfaWQiOiIxIiwiX2F1dGhfdXNlcl9iYWNrZW5kIjoiZGphbmdvLmNvbnRyaWIuYXV0aC5iYWNrZW5kcy5Nb2RlbEJhY2tlbmQiLCJfYXV0aF91c2VyX2hhc2giOiI0YTc5ODIwYzVlNzllZGQ0Y2U4ZDgxNjVlNThlYTdhNzZkMWE4NDY2In0=','2020-06-27 06:09:22.679504'),
	('izq160mzfp6e4zb99oiujuve4l7vezes','OWVlMmI0YzY5ODI5ZjFkZmM0ZDA0OTcyNDRlNzlmNGU5Nzk3ZTU2MDp7Il9hdXRoX3VzZXJfaWQiOiIxIiwiX2F1dGhfdXNlcl9iYWNrZW5kIjoiZGphbmdvLmNvbnRyaWIuYXV0aC5iYWNrZW5kcy5Nb2RlbEJhY2tlbmQiLCJfYXV0aF91c2VyX2hhc2giOiI0YTc5ODIwYzVlNzllZGQ0Y2U4ZDgxNjVlNThlYTdhNzZkMWE4NDY2In0=','2020-06-24 04:51:32.302289'),
	('j094xgy1jdltt981amnffn63wvqhsqku','OWVlMmI0YzY5ODI5ZjFkZmM0ZDA0OTcyNDRlNzlmNGU5Nzk3ZTU2MDp7Il9hdXRoX3VzZXJfaWQiOiIxIiwiX2F1dGhfdXNlcl9iYWNrZW5kIjoiZGphbmdvLmNvbnRyaWIuYXV0aC5iYWNrZW5kcy5Nb2RlbEJhY2tlbmQiLCJfYXV0aF91c2VyX2hhc2giOiI0YTc5ODIwYzVlNzllZGQ0Y2U4ZDgxNjVlNThlYTdhNzZkMWE4NDY2In0=','2020-06-23 10:32:37.501544'),
	('j1s0ll43ab30by0m4o53rpj7ywq878z8','OWVlMmI0YzY5ODI5ZjFkZmM0ZDA0OTcyNDRlNzlmNGU5Nzk3ZTU2MDp7Il9hdXRoX3VzZXJfaWQiOiIxIiwiX2F1dGhfdXNlcl9iYWNrZW5kIjoiZGphbmdvLmNvbnRyaWIuYXV0aC5iYWNrZW5kcy5Nb2RlbEJhY2tlbmQiLCJfYXV0aF91c2VyX2hhc2giOiI0YTc5ODIwYzVlNzllZGQ0Y2U4ZDgxNjVlNThlYTdhNzZkMWE4NDY2In0=','2020-06-27 09:02:46.277592'),
	('j5365nweuhhymytwcnletl3idwtvld5h','OWVlMmI0YzY5ODI5ZjFkZmM0ZDA0OTcyNDRlNzlmNGU5Nzk3ZTU2MDp7Il9hdXRoX3VzZXJfaWQiOiIxIiwiX2F1dGhfdXNlcl9iYWNrZW5kIjoiZGphbmdvLmNvbnRyaWIuYXV0aC5iYWNrZW5kcy5Nb2RlbEJhY2tlbmQiLCJfYXV0aF91c2VyX2hhc2giOiI0YTc5ODIwYzVlNzllZGQ0Y2U4ZDgxNjVlNThlYTdhNzZkMWE4NDY2In0=','2020-06-27 11:17:34.376949'),
	('j6a8opqwamh4j0jmess1la1bi9jhtcb2','OWVlMmI0YzY5ODI5ZjFkZmM0ZDA0OTcyNDRlNzlmNGU5Nzk3ZTU2MDp7Il9hdXRoX3VzZXJfaWQiOiIxIiwiX2F1dGhfdXNlcl9iYWNrZW5kIjoiZGphbmdvLmNvbnRyaWIuYXV0aC5iYWNrZW5kcy5Nb2RlbEJhY2tlbmQiLCJfYXV0aF91c2VyX2hhc2giOiI0YTc5ODIwYzVlNzllZGQ0Y2U4ZDgxNjVlNThlYTdhNzZkMWE4NDY2In0=','2020-06-27 07:01:40.386342'),
	('jc17vostj4xeulw5nx1d3exc5kc2f1vo','OWVlMmI0YzY5ODI5ZjFkZmM0ZDA0OTcyNDRlNzlmNGU5Nzk3ZTU2MDp7Il9hdXRoX3VzZXJfaWQiOiIxIiwiX2F1dGhfdXNlcl9iYWNrZW5kIjoiZGphbmdvLmNvbnRyaWIuYXV0aC5iYWNrZW5kcy5Nb2RlbEJhY2tlbmQiLCJfYXV0aF91c2VyX2hhc2giOiI0YTc5ODIwYzVlNzllZGQ0Y2U4ZDgxNjVlNThlYTdhNzZkMWE4NDY2In0=','2020-07-11 06:34:45.300265'),
	('jdr7bgiq7hlul44kwenb9fuz2lp3qtpe','OWVlMmI0YzY5ODI5ZjFkZmM0ZDA0OTcyNDRlNzlmNGU5Nzk3ZTU2MDp7Il9hdXRoX3VzZXJfaWQiOiIxIiwiX2F1dGhfdXNlcl9iYWNrZW5kIjoiZGphbmdvLmNvbnRyaWIuYXV0aC5iYWNrZW5kcy5Nb2RlbEJhY2tlbmQiLCJfYXV0aF91c2VyX2hhc2giOiI0YTc5ODIwYzVlNzllZGQ0Y2U4ZDgxNjVlNThlYTdhNzZkMWE4NDY2In0=','2020-06-27 09:01:03.058066'),
	('jew9amoqmki1exlz2upo1htjhpoe63cy','OWVlMmI0YzY5ODI5ZjFkZmM0ZDA0OTcyNDRlNzlmNGU5Nzk3ZTU2MDp7Il9hdXRoX3VzZXJfaWQiOiIxIiwiX2F1dGhfdXNlcl9iYWNrZW5kIjoiZGphbmdvLmNvbnRyaWIuYXV0aC5iYWNrZW5kcy5Nb2RlbEJhY2tlbmQiLCJfYXV0aF91c2VyX2hhc2giOiI0YTc5ODIwYzVlNzllZGQ0Y2U4ZDgxNjVlNThlYTdhNzZkMWE4NDY2In0=','2020-06-23 08:23:57.762676'),
	('jf9g304dpudpn8dhjb27lga5dii0v3fh','OWVlMmI0YzY5ODI5ZjFkZmM0ZDA0OTcyNDRlNzlmNGU5Nzk3ZTU2MDp7Il9hdXRoX3VzZXJfaWQiOiIxIiwiX2F1dGhfdXNlcl9iYWNrZW5kIjoiZGphbmdvLmNvbnRyaWIuYXV0aC5iYWNrZW5kcy5Nb2RlbEJhY2tlbmQiLCJfYXV0aF91c2VyX2hhc2giOiI0YTc5ODIwYzVlNzllZGQ0Y2U4ZDgxNjVlNThlYTdhNzZkMWE4NDY2In0=','2020-06-21 09:54:57.259865'),
	('jk0a53dprlsz9hrsf0wg0cn5ryj1vvj0','OWVlMmI0YzY5ODI5ZjFkZmM0ZDA0OTcyNDRlNzlmNGU5Nzk3ZTU2MDp7Il9hdXRoX3VzZXJfaWQiOiIxIiwiX2F1dGhfdXNlcl9iYWNrZW5kIjoiZGphbmdvLmNvbnRyaWIuYXV0aC5iYWNrZW5kcy5Nb2RlbEJhY2tlbmQiLCJfYXV0aF91c2VyX2hhc2giOiI0YTc5ODIwYzVlNzllZGQ0Y2U4ZDgxNjVlNThlYTdhNzZkMWE4NDY2In0=','2020-07-09 07:50:47.050935'),
	('jk8qcx543b4wzeimkryhweykccabicjd','OWVlMmI0YzY5ODI5ZjFkZmM0ZDA0OTcyNDRlNzlmNGU5Nzk3ZTU2MDp7Il9hdXRoX3VzZXJfaWQiOiIxIiwiX2F1dGhfdXNlcl9iYWNrZW5kIjoiZGphbmdvLmNvbnRyaWIuYXV0aC5iYWNrZW5kcy5Nb2RlbEJhY2tlbmQiLCJfYXV0aF91c2VyX2hhc2giOiI0YTc5ODIwYzVlNzllZGQ0Y2U4ZDgxNjVlNThlYTdhNzZkMWE4NDY2In0=','2020-06-27 08:38:23.998858'),
	('jm80xz1kvx1gtds8t4usxc16w6nzyc2x','OWVlMmI0YzY5ODI5ZjFkZmM0ZDA0OTcyNDRlNzlmNGU5Nzk3ZTU2MDp7Il9hdXRoX3VzZXJfaWQiOiIxIiwiX2F1dGhfdXNlcl9iYWNrZW5kIjoiZGphbmdvLmNvbnRyaWIuYXV0aC5iYWNrZW5kcy5Nb2RlbEJhY2tlbmQiLCJfYXV0aF91c2VyX2hhc2giOiI0YTc5ODIwYzVlNzllZGQ0Y2U4ZDgxNjVlNThlYTdhNzZkMWE4NDY2In0=','2020-06-27 08:36:05.440078'),
	('jmqw9h3tm3g23anpiwlk1eq3xp6rjnwi','OWVlMmI0YzY5ODI5ZjFkZmM0ZDA0OTcyNDRlNzlmNGU5Nzk3ZTU2MDp7Il9hdXRoX3VzZXJfaWQiOiIxIiwiX2F1dGhfdXNlcl9iYWNrZW5kIjoiZGphbmdvLmNvbnRyaWIuYXV0aC5iYWNrZW5kcy5Nb2RlbEJhY2tlbmQiLCJfYXV0aF91c2VyX2hhc2giOiI0YTc5ODIwYzVlNzllZGQ0Y2U4ZDgxNjVlNThlYTdhNzZkMWE4NDY2In0=','2020-07-11 04:53:19.757586'),
	('jub9iprsmlcvwjjwhvoc3syidqvcttkt','OWVlMmI0YzY5ODI5ZjFkZmM0ZDA0OTcyNDRlNzlmNGU5Nzk3ZTU2MDp7Il9hdXRoX3VzZXJfaWQiOiIxIiwiX2F1dGhfdXNlcl9iYWNrZW5kIjoiZGphbmdvLmNvbnRyaWIuYXV0aC5iYWNrZW5kcy5Nb2RlbEJhY2tlbmQiLCJfYXV0aF91c2VyX2hhc2giOiI0YTc5ODIwYzVlNzllZGQ0Y2U4ZDgxNjVlNThlYTdhNzZkMWE4NDY2In0=','2020-06-27 11:32:15.203641'),
	('jvehklo215rbyt8lrw62dhxw63bw8k46','OWVlMmI0YzY5ODI5ZjFkZmM0ZDA0OTcyNDRlNzlmNGU5Nzk3ZTU2MDp7Il9hdXRoX3VzZXJfaWQiOiIxIiwiX2F1dGhfdXNlcl9iYWNrZW5kIjoiZGphbmdvLmNvbnRyaWIuYXV0aC5iYWNrZW5kcy5Nb2RlbEJhY2tlbmQiLCJfYXV0aF91c2VyX2hhc2giOiI0YTc5ODIwYzVlNzllZGQ0Y2U4ZDgxNjVlNThlYTdhNzZkMWE4NDY2In0=','2020-06-27 10:54:02.797600'),
	('k2eafhvkdw3nkec7ulh1x1xoqpilaltu','OWVlMmI0YzY5ODI5ZjFkZmM0ZDA0OTcyNDRlNzlmNGU5Nzk3ZTU2MDp7Il9hdXRoX3VzZXJfaWQiOiIxIiwiX2F1dGhfdXNlcl9iYWNrZW5kIjoiZGphbmdvLmNvbnRyaWIuYXV0aC5iYWNrZW5kcy5Nb2RlbEJhY2tlbmQiLCJfYXV0aF91c2VyX2hhc2giOiI0YTc5ODIwYzVlNzllZGQ0Y2U4ZDgxNjVlNThlYTdhNzZkMWE4NDY2In0=','2020-06-21 07:25:18.149939'),
	('k3z4ugcwfy6ym0txm8l2e08i07nv50rw','OWVlMmI0YzY5ODI5ZjFkZmM0ZDA0OTcyNDRlNzlmNGU5Nzk3ZTU2MDp7Il9hdXRoX3VzZXJfaWQiOiIxIiwiX2F1dGhfdXNlcl9iYWNrZW5kIjoiZGphbmdvLmNvbnRyaWIuYXV0aC5iYWNrZW5kcy5Nb2RlbEJhY2tlbmQiLCJfYXV0aF91c2VyX2hhc2giOiI0YTc5ODIwYzVlNzllZGQ0Y2U4ZDgxNjVlNThlYTdhNzZkMWE4NDY2In0=','2020-06-24 03:57:40.954636'),
	('k525ttj11ljn6gyynokdd6lpqz3hbklu','OWVlMmI0YzY5ODI5ZjFkZmM0ZDA0OTcyNDRlNzlmNGU5Nzk3ZTU2MDp7Il9hdXRoX3VzZXJfaWQiOiIxIiwiX2F1dGhfdXNlcl9iYWNrZW5kIjoiZGphbmdvLmNvbnRyaWIuYXV0aC5iYWNrZW5kcy5Nb2RlbEJhY2tlbmQiLCJfYXV0aF91c2VyX2hhc2giOiI0YTc5ODIwYzVlNzllZGQ0Y2U4ZDgxNjVlNThlYTdhNzZkMWE4NDY2In0=','2020-06-27 08:49:57.050999'),
	('k53cighpk49jfrfrfadiu3ome3men3lb','OWVlMmI0YzY5ODI5ZjFkZmM0ZDA0OTcyNDRlNzlmNGU5Nzk3ZTU2MDp7Il9hdXRoX3VzZXJfaWQiOiIxIiwiX2F1dGhfdXNlcl9iYWNrZW5kIjoiZGphbmdvLmNvbnRyaWIuYXV0aC5iYWNrZW5kcy5Nb2RlbEJhY2tlbmQiLCJfYXV0aF91c2VyX2hhc2giOiI0YTc5ODIwYzVlNzllZGQ0Y2U4ZDgxNjVlNThlYTdhNzZkMWE4NDY2In0=','2020-06-26 06:40:01.361147'),
	('k6bsyw6aj7nc7wfqnx80thdvro8wro17','OWVlMmI0YzY5ODI5ZjFkZmM0ZDA0OTcyNDRlNzlmNGU5Nzk3ZTU2MDp7Il9hdXRoX3VzZXJfaWQiOiIxIiwiX2F1dGhfdXNlcl9iYWNrZW5kIjoiZGphbmdvLmNvbnRyaWIuYXV0aC5iYWNrZW5kcy5Nb2RlbEJhY2tlbmQiLCJfYXV0aF91c2VyX2hhc2giOiI0YTc5ODIwYzVlNzllZGQ0Y2U4ZDgxNjVlNThlYTdhNzZkMWE4NDY2In0=','2020-06-27 14:54:07.748869'),
	('k8cxy2cswc16kuuhqfhu1n7e0v2af4em','OWVlMmI0YzY5ODI5ZjFkZmM0ZDA0OTcyNDRlNzlmNGU5Nzk3ZTU2MDp7Il9hdXRoX3VzZXJfaWQiOiIxIiwiX2F1dGhfdXNlcl9iYWNrZW5kIjoiZGphbmdvLmNvbnRyaWIuYXV0aC5iYWNrZW5kcy5Nb2RlbEJhY2tlbmQiLCJfYXV0aF91c2VyX2hhc2giOiI0YTc5ODIwYzVlNzllZGQ0Y2U4ZDgxNjVlNThlYTdhNzZkMWE4NDY2In0=','2020-06-27 09:44:46.902774'),
	('kbrqgy3fsk4vc1292paawgopvg3zn2fl','OWVlMmI0YzY5ODI5ZjFkZmM0ZDA0OTcyNDRlNzlmNGU5Nzk3ZTU2MDp7Il9hdXRoX3VzZXJfaWQiOiIxIiwiX2F1dGhfdXNlcl9iYWNrZW5kIjoiZGphbmdvLmNvbnRyaWIuYXV0aC5iYWNrZW5kcy5Nb2RlbEJhY2tlbmQiLCJfYXV0aF91c2VyX2hhc2giOiI0YTc5ODIwYzVlNzllZGQ0Y2U4ZDgxNjVlNThlYTdhNzZkMWE4NDY2In0=','2020-07-11 06:30:40.514588'),
	('kcrdywd8xsvxywhvfxrcsrvw6t9z5x1a','OWVlMmI0YzY5ODI5ZjFkZmM0ZDA0OTcyNDRlNzlmNGU5Nzk3ZTU2MDp7Il9hdXRoX3VzZXJfaWQiOiIxIiwiX2F1dGhfdXNlcl9iYWNrZW5kIjoiZGphbmdvLmNvbnRyaWIuYXV0aC5iYWNrZW5kcy5Nb2RlbEJhY2tlbmQiLCJfYXV0aF91c2VyX2hhc2giOiI0YTc5ODIwYzVlNzllZGQ0Y2U4ZDgxNjVlNThlYTdhNzZkMWE4NDY2In0=','2020-06-24 04:12:12.253428'),
	('kg9ge19ex3x1j131wz50jcfyzva2glud','OWVlMmI0YzY5ODI5ZjFkZmM0ZDA0OTcyNDRlNzlmNGU5Nzk3ZTU2MDp7Il9hdXRoX3VzZXJfaWQiOiIxIiwiX2F1dGhfdXNlcl9iYWNrZW5kIjoiZGphbmdvLmNvbnRyaWIuYXV0aC5iYWNrZW5kcy5Nb2RlbEJhY2tlbmQiLCJfYXV0aF91c2VyX2hhc2giOiI0YTc5ODIwYzVlNzllZGQ0Y2U4ZDgxNjVlNThlYTdhNzZkMWE4NDY2In0=','2020-06-27 07:54:05.458995'),
	('kja3lbjjjxl9oe4dkrqxwedh0dj8xor2','OWVlMmI0YzY5ODI5ZjFkZmM0ZDA0OTcyNDRlNzlmNGU5Nzk3ZTU2MDp7Il9hdXRoX3VzZXJfaWQiOiIxIiwiX2F1dGhfdXNlcl9iYWNrZW5kIjoiZGphbmdvLmNvbnRyaWIuYXV0aC5iYWNrZW5kcy5Nb2RlbEJhY2tlbmQiLCJfYXV0aF91c2VyX2hhc2giOiI0YTc5ODIwYzVlNzllZGQ0Y2U4ZDgxNjVlNThlYTdhNzZkMWE4NDY2In0=','2020-06-27 11:39:24.306106'),
	('kojhjzfy86u9x323vfa4sx2ocj96kr05','OWVlMmI0YzY5ODI5ZjFkZmM0ZDA0OTcyNDRlNzlmNGU5Nzk3ZTU2MDp7Il9hdXRoX3VzZXJfaWQiOiIxIiwiX2F1dGhfdXNlcl9iYWNrZW5kIjoiZGphbmdvLmNvbnRyaWIuYXV0aC5iYWNrZW5kcy5Nb2RlbEJhY2tlbmQiLCJfYXV0aF91c2VyX2hhc2giOiI0YTc5ODIwYzVlNzllZGQ0Y2U4ZDgxNjVlNThlYTdhNzZkMWE4NDY2In0=','2020-06-25 02:33:12.921849'),
	('kolmz1j6mumhh8xcmkd8m0w1yyj1l3jz','OWVlMmI0YzY5ODI5ZjFkZmM0ZDA0OTcyNDRlNzlmNGU5Nzk3ZTU2MDp7Il9hdXRoX3VzZXJfaWQiOiIxIiwiX2F1dGhfdXNlcl9iYWNrZW5kIjoiZGphbmdvLmNvbnRyaWIuYXV0aC5iYWNrZW5kcy5Nb2RlbEJhY2tlbmQiLCJfYXV0aF91c2VyX2hhc2giOiI0YTc5ODIwYzVlNzllZGQ0Y2U4ZDgxNjVlNThlYTdhNzZkMWE4NDY2In0=','2020-06-25 02:24:06.815126'),
	('kpb8ys9cexp647cm6eabrf08lz46o2ed','OWVlMmI0YzY5ODI5ZjFkZmM0ZDA0OTcyNDRlNzlmNGU5Nzk3ZTU2MDp7Il9hdXRoX3VzZXJfaWQiOiIxIiwiX2F1dGhfdXNlcl9iYWNrZW5kIjoiZGphbmdvLmNvbnRyaWIuYXV0aC5iYWNrZW5kcy5Nb2RlbEJhY2tlbmQiLCJfYXV0aF91c2VyX2hhc2giOiI0YTc5ODIwYzVlNzllZGQ0Y2U4ZDgxNjVlNThlYTdhNzZkMWE4NDY2In0=','2020-06-21 08:56:47.162144'),
	('kq29me8d43k4tofyh95ip3fiilyuoh6w','OWVlMmI0YzY5ODI5ZjFkZmM0ZDA0OTcyNDRlNzlmNGU5Nzk3ZTU2MDp7Il9hdXRoX3VzZXJfaWQiOiIxIiwiX2F1dGhfdXNlcl9iYWNrZW5kIjoiZGphbmdvLmNvbnRyaWIuYXV0aC5iYWNrZW5kcy5Nb2RlbEJhY2tlbmQiLCJfYXV0aF91c2VyX2hhc2giOiI0YTc5ODIwYzVlNzllZGQ0Y2U4ZDgxNjVlNThlYTdhNzZkMWE4NDY2In0=','2020-06-27 10:16:16.033844'),
	('ksxu1sn9qzaon2wpjbb8xm67bfa6mrev','OWVlMmI0YzY5ODI5ZjFkZmM0ZDA0OTcyNDRlNzlmNGU5Nzk3ZTU2MDp7Il9hdXRoX3VzZXJfaWQiOiIxIiwiX2F1dGhfdXNlcl9iYWNrZW5kIjoiZGphbmdvLmNvbnRyaWIuYXV0aC5iYWNrZW5kcy5Nb2RlbEJhY2tlbmQiLCJfYXV0aF91c2VyX2hhc2giOiI0YTc5ODIwYzVlNzllZGQ0Y2U4ZDgxNjVlNThlYTdhNzZkMWE4NDY2In0=','2020-07-11 06:09:01.255764'),
	('kt1ayb9zkx292z04nd9a245m4m8oqsyc','OWVlMmI0YzY5ODI5ZjFkZmM0ZDA0OTcyNDRlNzlmNGU5Nzk3ZTU2MDp7Il9hdXRoX3VzZXJfaWQiOiIxIiwiX2F1dGhfdXNlcl9iYWNrZW5kIjoiZGphbmdvLmNvbnRyaWIuYXV0aC5iYWNrZW5kcy5Nb2RlbEJhY2tlbmQiLCJfYXV0aF91c2VyX2hhc2giOiI0YTc5ODIwYzVlNzllZGQ0Y2U4ZDgxNjVlNThlYTdhNzZkMWE4NDY2In0=','2020-07-11 04:54:21.022665'),
	('kufqlx7rnyq5db0pp7as6xfrinoiumu7','OWVlMmI0YzY5ODI5ZjFkZmM0ZDA0OTcyNDRlNzlmNGU5Nzk3ZTU2MDp7Il9hdXRoX3VzZXJfaWQiOiIxIiwiX2F1dGhfdXNlcl9iYWNrZW5kIjoiZGphbmdvLmNvbnRyaWIuYXV0aC5iYWNrZW5kcy5Nb2RlbEJhY2tlbmQiLCJfYXV0aF91c2VyX2hhc2giOiI0YTc5ODIwYzVlNzllZGQ0Y2U4ZDgxNjVlNThlYTdhNzZkMWE4NDY2In0=','2020-06-27 14:04:13.966723'),
	('kvtyezqsigd5dfjeadf20dywmhb354q3','OWVlMmI0YzY5ODI5ZjFkZmM0ZDA0OTcyNDRlNzlmNGU5Nzk3ZTU2MDp7Il9hdXRoX3VzZXJfaWQiOiIxIiwiX2F1dGhfdXNlcl9iYWNrZW5kIjoiZGphbmdvLmNvbnRyaWIuYXV0aC5iYWNrZW5kcy5Nb2RlbEJhY2tlbmQiLCJfYXV0aF91c2VyX2hhc2giOiI0YTc5ODIwYzVlNzllZGQ0Y2U4ZDgxNjVlNThlYTdhNzZkMWE4NDY2In0=','2020-06-23 10:28:50.545821'),
	('kvyhklla50a5k2eg4xraxl49jvfukvlp','OWVlMmI0YzY5ODI5ZjFkZmM0ZDA0OTcyNDRlNzlmNGU5Nzk3ZTU2MDp7Il9hdXRoX3VzZXJfaWQiOiIxIiwiX2F1dGhfdXNlcl9iYWNrZW5kIjoiZGphbmdvLmNvbnRyaWIuYXV0aC5iYWNrZW5kcy5Nb2RlbEJhY2tlbmQiLCJfYXV0aF91c2VyX2hhc2giOiI0YTc5ODIwYzVlNzllZGQ0Y2U4ZDgxNjVlNThlYTdhNzZkMWE4NDY2In0=','2020-06-21 10:33:23.922927'),
	('l3lcx3o1fllxbkm1wjmoped8v631twcd','OWVlMmI0YzY5ODI5ZjFkZmM0ZDA0OTcyNDRlNzlmNGU5Nzk3ZTU2MDp7Il9hdXRoX3VzZXJfaWQiOiIxIiwiX2F1dGhfdXNlcl9iYWNrZW5kIjoiZGphbmdvLmNvbnRyaWIuYXV0aC5iYWNrZW5kcy5Nb2RlbEJhY2tlbmQiLCJfYXV0aF91c2VyX2hhc2giOiI0YTc5ODIwYzVlNzllZGQ0Y2U4ZDgxNjVlNThlYTdhNzZkMWE4NDY2In0=','2020-06-27 11:37:39.546084'),
	('l8kgg0v1d603j4go6amylaeoze5zgjt9','OWVlMmI0YzY5ODI5ZjFkZmM0ZDA0OTcyNDRlNzlmNGU5Nzk3ZTU2MDp7Il9hdXRoX3VzZXJfaWQiOiIxIiwiX2F1dGhfdXNlcl9iYWNrZW5kIjoiZGphbmdvLmNvbnRyaWIuYXV0aC5iYWNrZW5kcy5Nb2RlbEJhY2tlbmQiLCJfYXV0aF91c2VyX2hhc2giOiI0YTc5ODIwYzVlNzllZGQ0Y2U4ZDgxNjVlNThlYTdhNzZkMWE4NDY2In0=','2020-07-09 09:31:20.253612'),
	('l8lwnp1cimjbfu0je3fti33s86ude9wt','OWVlMmI0YzY5ODI5ZjFkZmM0ZDA0OTcyNDRlNzlmNGU5Nzk3ZTU2MDp7Il9hdXRoX3VzZXJfaWQiOiIxIiwiX2F1dGhfdXNlcl9iYWNrZW5kIjoiZGphbmdvLmNvbnRyaWIuYXV0aC5iYWNrZW5kcy5Nb2RlbEJhY2tlbmQiLCJfYXV0aF91c2VyX2hhc2giOiI0YTc5ODIwYzVlNzllZGQ0Y2U4ZDgxNjVlNThlYTdhNzZkMWE4NDY2In0=','2020-07-04 09:21:13.053660'),
	('lf9rf12o3w2tdr3cg2xuy0ox6yyryx9o','OWVlMmI0YzY5ODI5ZjFkZmM0ZDA0OTcyNDRlNzlmNGU5Nzk3ZTU2MDp7Il9hdXRoX3VzZXJfaWQiOiIxIiwiX2F1dGhfdXNlcl9iYWNrZW5kIjoiZGphbmdvLmNvbnRyaWIuYXV0aC5iYWNrZW5kcy5Nb2RlbEJhY2tlbmQiLCJfYXV0aF91c2VyX2hhc2giOiI0YTc5ODIwYzVlNzllZGQ0Y2U4ZDgxNjVlNThlYTdhNzZkMWE4NDY2In0=','2020-06-25 06:15:03.476435'),
	('lr0gh1xl313k6urc8xh0kiv4659u4eg4','OWVlMmI0YzY5ODI5ZjFkZmM0ZDA0OTcyNDRlNzlmNGU5Nzk3ZTU2MDp7Il9hdXRoX3VzZXJfaWQiOiIxIiwiX2F1dGhfdXNlcl9iYWNrZW5kIjoiZGphbmdvLmNvbnRyaWIuYXV0aC5iYWNrZW5kcy5Nb2RlbEJhY2tlbmQiLCJfYXV0aF91c2VyX2hhc2giOiI0YTc5ODIwYzVlNzllZGQ0Y2U4ZDgxNjVlNThlYTdhNzZkMWE4NDY2In0=','2020-06-26 06:20:34.295501'),
	('mc9pstrqrb6djs8y3ev2j474eyjaygzc','OWVlMmI0YzY5ODI5ZjFkZmM0ZDA0OTcyNDRlNzlmNGU5Nzk3ZTU2MDp7Il9hdXRoX3VzZXJfaWQiOiIxIiwiX2F1dGhfdXNlcl9iYWNrZW5kIjoiZGphbmdvLmNvbnRyaWIuYXV0aC5iYWNrZW5kcy5Nb2RlbEJhY2tlbmQiLCJfYXV0aF91c2VyX2hhc2giOiI0YTc5ODIwYzVlNzllZGQ0Y2U4ZDgxNjVlNThlYTdhNzZkMWE4NDY2In0=','2020-06-25 02:17:37.922081'),
	('mkl54m2vfiepm5n7boxpefc9n5jp6n6i','OWVlMmI0YzY5ODI5ZjFkZmM0ZDA0OTcyNDRlNzlmNGU5Nzk3ZTU2MDp7Il9hdXRoX3VzZXJfaWQiOiIxIiwiX2F1dGhfdXNlcl9iYWNrZW5kIjoiZGphbmdvLmNvbnRyaWIuYXV0aC5iYWNrZW5kcy5Nb2RlbEJhY2tlbmQiLCJfYXV0aF91c2VyX2hhc2giOiI0YTc5ODIwYzVlNzllZGQ0Y2U4ZDgxNjVlNThlYTdhNzZkMWE4NDY2In0=','2020-06-27 09:43:53.143982'),
	('mlbi3o9iv6oh5zd1igzbdn8ut91ikss1','OWVlMmI0YzY5ODI5ZjFkZmM0ZDA0OTcyNDRlNzlmNGU5Nzk3ZTU2MDp7Il9hdXRoX3VzZXJfaWQiOiIxIiwiX2F1dGhfdXNlcl9iYWNrZW5kIjoiZGphbmdvLmNvbnRyaWIuYXV0aC5iYWNrZW5kcy5Nb2RlbEJhY2tlbmQiLCJfYXV0aF91c2VyX2hhc2giOiI0YTc5ODIwYzVlNzllZGQ0Y2U4ZDgxNjVlNThlYTdhNzZkMWE4NDY2In0=','2020-06-26 06:03:38.659841'),
	('mqlqki9mktf04zr82crbs3qk1x289luw','OWVlMmI0YzY5ODI5ZjFkZmM0ZDA0OTcyNDRlNzlmNGU5Nzk3ZTU2MDp7Il9hdXRoX3VzZXJfaWQiOiIxIiwiX2F1dGhfdXNlcl9iYWNrZW5kIjoiZGphbmdvLmNvbnRyaWIuYXV0aC5iYWNrZW5kcy5Nb2RlbEJhY2tlbmQiLCJfYXV0aF91c2VyX2hhc2giOiI0YTc5ODIwYzVlNzllZGQ0Y2U4ZDgxNjVlNThlYTdhNzZkMWE4NDY2In0=','2020-06-25 06:52:07.141204'),
	('mqq6hef5rw7i58g0yv0j7wu0opphfti2','OWVlMmI0YzY5ODI5ZjFkZmM0ZDA0OTcyNDRlNzlmNGU5Nzk3ZTU2MDp7Il9hdXRoX3VzZXJfaWQiOiIxIiwiX2F1dGhfdXNlcl9iYWNrZW5kIjoiZGphbmdvLmNvbnRyaWIuYXV0aC5iYWNrZW5kcy5Nb2RlbEJhY2tlbmQiLCJfYXV0aF91c2VyX2hhc2giOiI0YTc5ODIwYzVlNzllZGQ0Y2U4ZDgxNjVlNThlYTdhNzZkMWE4NDY2In0=','2020-07-11 04:55:46.329833'),
	('ms0ogqzsl2oazhs4yznaplgcrafqbppb','OWVlMmI0YzY5ODI5ZjFkZmM0ZDA0OTcyNDRlNzlmNGU5Nzk3ZTU2MDp7Il9hdXRoX3VzZXJfaWQiOiIxIiwiX2F1dGhfdXNlcl9iYWNrZW5kIjoiZGphbmdvLmNvbnRyaWIuYXV0aC5iYWNrZW5kcy5Nb2RlbEJhY2tlbmQiLCJfYXV0aF91c2VyX2hhc2giOiI0YTc5ODIwYzVlNzllZGQ0Y2U4ZDgxNjVlNThlYTdhNzZkMWE4NDY2In0=','2020-06-26 05:27:34.341022'),
	('n1icrnbcgx0gd90r1hb9k7cmysi716mh','OWVlMmI0YzY5ODI5ZjFkZmM0ZDA0OTcyNDRlNzlmNGU5Nzk3ZTU2MDp7Il9hdXRoX3VzZXJfaWQiOiIxIiwiX2F1dGhfdXNlcl9iYWNrZW5kIjoiZGphbmdvLmNvbnRyaWIuYXV0aC5iYWNrZW5kcy5Nb2RlbEJhY2tlbmQiLCJfYXV0aF91c2VyX2hhc2giOiI0YTc5ODIwYzVlNzllZGQ0Y2U4ZDgxNjVlNThlYTdhNzZkMWE4NDY2In0=','2020-06-25 10:14:42.594216'),
	('n2l7hbb8044zsff1kz9l1mdsd2bjk200','OWVlMmI0YzY5ODI5ZjFkZmM0ZDA0OTcyNDRlNzlmNGU5Nzk3ZTU2MDp7Il9hdXRoX3VzZXJfaWQiOiIxIiwiX2F1dGhfdXNlcl9iYWNrZW5kIjoiZGphbmdvLmNvbnRyaWIuYXV0aC5iYWNrZW5kcy5Nb2RlbEJhY2tlbmQiLCJfYXV0aF91c2VyX2hhc2giOiI0YTc5ODIwYzVlNzllZGQ0Y2U4ZDgxNjVlNThlYTdhNzZkMWE4NDY2In0=','2020-07-04 08:50:36.113036'),
	('n3ggh4lricbdkstwbgcg52jr3ajbfwy4','OWVlMmI0YzY5ODI5ZjFkZmM0ZDA0OTcyNDRlNzlmNGU5Nzk3ZTU2MDp7Il9hdXRoX3VzZXJfaWQiOiIxIiwiX2F1dGhfdXNlcl9iYWNrZW5kIjoiZGphbmdvLmNvbnRyaWIuYXV0aC5iYWNrZW5kcy5Nb2RlbEJhY2tlbmQiLCJfYXV0aF91c2VyX2hhc2giOiI0YTc5ODIwYzVlNzllZGQ0Y2U4ZDgxNjVlNThlYTdhNzZkMWE4NDY2In0=','2020-06-27 08:39:10.995170'),
	('ne6p58l9f5059vgtzhxfxus06x48s6jr','OWVlMmI0YzY5ODI5ZjFkZmM0ZDA0OTcyNDRlNzlmNGU5Nzk3ZTU2MDp7Il9hdXRoX3VzZXJfaWQiOiIxIiwiX2F1dGhfdXNlcl9iYWNrZW5kIjoiZGphbmdvLmNvbnRyaWIuYXV0aC5iYWNrZW5kcy5Nb2RlbEJhY2tlbmQiLCJfYXV0aF91c2VyX2hhc2giOiI0YTc5ODIwYzVlNzllZGQ0Y2U4ZDgxNjVlNThlYTdhNzZkMWE4NDY2In0=','2020-06-27 08:05:36.957944'),
	('nh6lz29qpm130lcfsnow0sm6icncxb4f','OWVlMmI0YzY5ODI5ZjFkZmM0ZDA0OTcyNDRlNzlmNGU5Nzk3ZTU2MDp7Il9hdXRoX3VzZXJfaWQiOiIxIiwiX2F1dGhfdXNlcl9iYWNrZW5kIjoiZGphbmdvLmNvbnRyaWIuYXV0aC5iYWNrZW5kcy5Nb2RlbEJhY2tlbmQiLCJfYXV0aF91c2VyX2hhc2giOiI0YTc5ODIwYzVlNzllZGQ0Y2U4ZDgxNjVlNThlYTdhNzZkMWE4NDY2In0=','2020-06-27 06:13:59.753644'),
	('nnzgr24f88oa8rng33cj672hrsp3ridn','OWVlMmI0YzY5ODI5ZjFkZmM0ZDA0OTcyNDRlNzlmNGU5Nzk3ZTU2MDp7Il9hdXRoX3VzZXJfaWQiOiIxIiwiX2F1dGhfdXNlcl9iYWNrZW5kIjoiZGphbmdvLmNvbnRyaWIuYXV0aC5iYWNrZW5kcy5Nb2RlbEJhY2tlbmQiLCJfYXV0aF91c2VyX2hhc2giOiI0YTc5ODIwYzVlNzllZGQ0Y2U4ZDgxNjVlNThlYTdhNzZkMWE4NDY2In0=','2020-07-11 04:48:19.753294'),
	('nrja54m65utifwfdeoj3lzhf2w2u5hx7','OWVlMmI0YzY5ODI5ZjFkZmM0ZDA0OTcyNDRlNzlmNGU5Nzk3ZTU2MDp7Il9hdXRoX3VzZXJfaWQiOiIxIiwiX2F1dGhfdXNlcl9iYWNrZW5kIjoiZGphbmdvLmNvbnRyaWIuYXV0aC5iYWNrZW5kcy5Nb2RlbEJhY2tlbmQiLCJfYXV0aF91c2VyX2hhc2giOiI0YTc5ODIwYzVlNzllZGQ0Y2U4ZDgxNjVlNThlYTdhNzZkMWE4NDY2In0=','2020-07-04 08:56:37.518073'),
	('nttevgcp7hkm5ebeehxtdb6ugmd44b92','OWVlMmI0YzY5ODI5ZjFkZmM0ZDA0OTcyNDRlNzlmNGU5Nzk3ZTU2MDp7Il9hdXRoX3VzZXJfaWQiOiIxIiwiX2F1dGhfdXNlcl9iYWNrZW5kIjoiZGphbmdvLmNvbnRyaWIuYXV0aC5iYWNrZW5kcy5Nb2RlbEJhY2tlbmQiLCJfYXV0aF91c2VyX2hhc2giOiI0YTc5ODIwYzVlNzllZGQ0Y2U4ZDgxNjVlNThlYTdhNzZkMWE4NDY2In0=','2020-06-27 09:39:02.833379'),
	('nvnhoqanmi8yxchfgjq7uzcpu37js27v','OWVlMmI0YzY5ODI5ZjFkZmM0ZDA0OTcyNDRlNzlmNGU5Nzk3ZTU2MDp7Il9hdXRoX3VzZXJfaWQiOiIxIiwiX2F1dGhfdXNlcl9iYWNrZW5kIjoiZGphbmdvLmNvbnRyaWIuYXV0aC5iYWNrZW5kcy5Nb2RlbEJhY2tlbmQiLCJfYXV0aF91c2VyX2hhc2giOiI0YTc5ODIwYzVlNzllZGQ0Y2U4ZDgxNjVlNThlYTdhNzZkMWE4NDY2In0=','2020-06-24 10:09:22.739630'),
	('nwo1ieszkvbzp3a69ifluopbx9sqlwu1','OWVlMmI0YzY5ODI5ZjFkZmM0ZDA0OTcyNDRlNzlmNGU5Nzk3ZTU2MDp7Il9hdXRoX3VzZXJfaWQiOiIxIiwiX2F1dGhfdXNlcl9iYWNrZW5kIjoiZGphbmdvLmNvbnRyaWIuYXV0aC5iYWNrZW5kcy5Nb2RlbEJhY2tlbmQiLCJfYXV0aF91c2VyX2hhc2giOiI0YTc5ODIwYzVlNzllZGQ0Y2U4ZDgxNjVlNThlYTdhNzZkMWE4NDY2In0=','2020-07-09 09:37:56.847279'),
	('nx871ksqyyrahj3occjxxig2k9xtf4mr','OWVlMmI0YzY5ODI5ZjFkZmM0ZDA0OTcyNDRlNzlmNGU5Nzk3ZTU2MDp7Il9hdXRoX3VzZXJfaWQiOiIxIiwiX2F1dGhfdXNlcl9iYWNrZW5kIjoiZGphbmdvLmNvbnRyaWIuYXV0aC5iYWNrZW5kcy5Nb2RlbEJhY2tlbmQiLCJfYXV0aF91c2VyX2hhc2giOiI0YTc5ODIwYzVlNzllZGQ0Y2U4ZDgxNjVlNThlYTdhNzZkMWE4NDY2In0=','2020-06-25 07:04:57.008881'),
	('o1q40hi7z2sddzo513icgs94ocdc40ah','OWVlMmI0YzY5ODI5ZjFkZmM0ZDA0OTcyNDRlNzlmNGU5Nzk3ZTU2MDp7Il9hdXRoX3VzZXJfaWQiOiIxIiwiX2F1dGhfdXNlcl9iYWNrZW5kIjoiZGphbmdvLmNvbnRyaWIuYXV0aC5iYWNrZW5kcy5Nb2RlbEJhY2tlbmQiLCJfYXV0aF91c2VyX2hhc2giOiI0YTc5ODIwYzVlNzllZGQ0Y2U4ZDgxNjVlNThlYTdhNzZkMWE4NDY2In0=','2020-06-25 09:14:01.155275'),
	('o44oeuhu4yemmrf9os0in5pm3qudwx2e','OWVlMmI0YzY5ODI5ZjFkZmM0ZDA0OTcyNDRlNzlmNGU5Nzk3ZTU2MDp7Il9hdXRoX3VzZXJfaWQiOiIxIiwiX2F1dGhfdXNlcl9iYWNrZW5kIjoiZGphbmdvLmNvbnRyaWIuYXV0aC5iYWNrZW5kcy5Nb2RlbEJhY2tlbmQiLCJfYXV0aF91c2VyX2hhc2giOiI0YTc5ODIwYzVlNzllZGQ0Y2U4ZDgxNjVlNThlYTdhNzZkMWE4NDY2In0=','2020-07-04 08:57:26.340848'),
	('o6t48evt03xgmq9w2ltjbove2fuh54hf','OWVlMmI0YzY5ODI5ZjFkZmM0ZDA0OTcyNDRlNzlmNGU5Nzk3ZTU2MDp7Il9hdXRoX3VzZXJfaWQiOiIxIiwiX2F1dGhfdXNlcl9iYWNrZW5kIjoiZGphbmdvLmNvbnRyaWIuYXV0aC5iYWNrZW5kcy5Nb2RlbEJhY2tlbmQiLCJfYXV0aF91c2VyX2hhc2giOiI0YTc5ODIwYzVlNzllZGQ0Y2U4ZDgxNjVlNThlYTdhNzZkMWE4NDY2In0=','2020-06-27 09:56:10.740692'),
	('o9x0jb7wkw1h9l4qmvai60krxtbjvnqc','OWVlMmI0YzY5ODI5ZjFkZmM0ZDA0OTcyNDRlNzlmNGU5Nzk3ZTU2MDp7Il9hdXRoX3VzZXJfaWQiOiIxIiwiX2F1dGhfdXNlcl9iYWNrZW5kIjoiZGphbmdvLmNvbnRyaWIuYXV0aC5iYWNrZW5kcy5Nb2RlbEJhY2tlbmQiLCJfYXV0aF91c2VyX2hhc2giOiI0YTc5ODIwYzVlNzllZGQ0Y2U4ZDgxNjVlNThlYTdhNzZkMWE4NDY2In0=','2020-07-11 06:54:51.992754'),
	('od7myyvek4n49pto3obt5c1ya4p98u2g','OWVlMmI0YzY5ODI5ZjFkZmM0ZDA0OTcyNDRlNzlmNGU5Nzk3ZTU2MDp7Il9hdXRoX3VzZXJfaWQiOiIxIiwiX2F1dGhfdXNlcl9iYWNrZW5kIjoiZGphbmdvLmNvbnRyaWIuYXV0aC5iYWNrZW5kcy5Nb2RlbEJhY2tlbmQiLCJfYXV0aF91c2VyX2hhc2giOiI0YTc5ODIwYzVlNzllZGQ0Y2U4ZDgxNjVlNThlYTdhNzZkMWE4NDY2In0=','2020-07-11 06:53:36.731419'),
	('oi4bagjy84m237eknu3mhbt6y11qvv6z','OWVlMmI0YzY5ODI5ZjFkZmM0ZDA0OTcyNDRlNzlmNGU5Nzk3ZTU2MDp7Il9hdXRoX3VzZXJfaWQiOiIxIiwiX2F1dGhfdXNlcl9iYWNrZW5kIjoiZGphbmdvLmNvbnRyaWIuYXV0aC5iYWNrZW5kcy5Nb2RlbEJhY2tlbmQiLCJfYXV0aF91c2VyX2hhc2giOiI0YTc5ODIwYzVlNzllZGQ0Y2U4ZDgxNjVlNThlYTdhNzZkMWE4NDY2In0=','2020-06-24 10:47:11.555085'),
	('ok6xs30axxawwts2v7bopc5xi9ro0gj0','MmYyMDM3YzFkMjI2Yzk1MTEyYzhlNTg1Yjc1MDRhODdiMzljOTkwMDp7Il9hdXRoX3VzZXJfaWQiOiIyIiwiX2F1dGhfdXNlcl9iYWNrZW5kIjoiZGphbmdvLmNvbnRyaWIuYXV0aC5iYWNrZW5kcy5Nb2RlbEJhY2tlbmQiLCJfYXV0aF91c2VyX2hhc2giOiJjZTM1OWZiOTMxYTRjMGVkZWY1MmJjZmQ0NmE5MWY3OTg3ZWNiZjMxIn0=','2020-06-25 09:35:30.764184'),
	('okdg0aponkj388cgljih4l1pl0t5itcp','OWVlMmI0YzY5ODI5ZjFkZmM0ZDA0OTcyNDRlNzlmNGU5Nzk3ZTU2MDp7Il9hdXRoX3VzZXJfaWQiOiIxIiwiX2F1dGhfdXNlcl9iYWNrZW5kIjoiZGphbmdvLmNvbnRyaWIuYXV0aC5iYWNrZW5kcy5Nb2RlbEJhY2tlbmQiLCJfYXV0aF91c2VyX2hhc2giOiI0YTc5ODIwYzVlNzllZGQ0Y2U4ZDgxNjVlNThlYTdhNzZkMWE4NDY2In0=','2020-06-21 08:48:19.308903'),
	('oninpk6c5y6fonvxukhvcnxnc457ooth','OWVlMmI0YzY5ODI5ZjFkZmM0ZDA0OTcyNDRlNzlmNGU5Nzk3ZTU2MDp7Il9hdXRoX3VzZXJfaWQiOiIxIiwiX2F1dGhfdXNlcl9iYWNrZW5kIjoiZGphbmdvLmNvbnRyaWIuYXV0aC5iYWNrZW5kcy5Nb2RlbEJhY2tlbmQiLCJfYXV0aF91c2VyX2hhc2giOiI0YTc5ODIwYzVlNzllZGQ0Y2U4ZDgxNjVlNThlYTdhNzZkMWE4NDY2In0=','2020-06-21 08:52:19.697701'),
	('ookr8oycifzesfza0ddao6bl0drmqcxl','OWVlMmI0YzY5ODI5ZjFkZmM0ZDA0OTcyNDRlNzlmNGU5Nzk3ZTU2MDp7Il9hdXRoX3VzZXJfaWQiOiIxIiwiX2F1dGhfdXNlcl9iYWNrZW5kIjoiZGphbmdvLmNvbnRyaWIuYXV0aC5iYWNrZW5kcy5Nb2RlbEJhY2tlbmQiLCJfYXV0aF91c2VyX2hhc2giOiI0YTc5ODIwYzVlNzllZGQ0Y2U4ZDgxNjVlNThlYTdhNzZkMWE4NDY2In0=','2020-06-26 06:49:53.308490'),
	('orayhw835vh2nh2p7auci6ao12dr5l4b','OWVlMmI0YzY5ODI5ZjFkZmM0ZDA0OTcyNDRlNzlmNGU5Nzk3ZTU2MDp7Il9hdXRoX3VzZXJfaWQiOiIxIiwiX2F1dGhfdXNlcl9iYWNrZW5kIjoiZGphbmdvLmNvbnRyaWIuYXV0aC5iYWNrZW5kcy5Nb2RlbEJhY2tlbmQiLCJfYXV0aF91c2VyX2hhc2giOiI0YTc5ODIwYzVlNzllZGQ0Y2U4ZDgxNjVlNThlYTdhNzZkMWE4NDY2In0=','2020-06-27 14:51:03.072367'),
	('osuoihdh3kocdlrfo6chv5rg9kkgwjz9','OWVlMmI0YzY5ODI5ZjFkZmM0ZDA0OTcyNDRlNzlmNGU5Nzk3ZTU2MDp7Il9hdXRoX3VzZXJfaWQiOiIxIiwiX2F1dGhfdXNlcl9iYWNrZW5kIjoiZGphbmdvLmNvbnRyaWIuYXV0aC5iYWNrZW5kcy5Nb2RlbEJhY2tlbmQiLCJfYXV0aF91c2VyX2hhc2giOiI0YTc5ODIwYzVlNzllZGQ0Y2U4ZDgxNjVlNThlYTdhNzZkMWE4NDY2In0=','2020-06-21 08:47:30.989496'),
	('owkgsgvdr5m2ydvuv49w0m1qiwc2s4av','OWVlMmI0YzY5ODI5ZjFkZmM0ZDA0OTcyNDRlNzlmNGU5Nzk3ZTU2MDp7Il9hdXRoX3VzZXJfaWQiOiIxIiwiX2F1dGhfdXNlcl9iYWNrZW5kIjoiZGphbmdvLmNvbnRyaWIuYXV0aC5iYWNrZW5kcy5Nb2RlbEJhY2tlbmQiLCJfYXV0aF91c2VyX2hhc2giOiI0YTc5ODIwYzVlNzllZGQ0Y2U4ZDgxNjVlNThlYTdhNzZkMWE4NDY2In0=','2020-07-04 08:56:12.143378'),
	('ox8q1q1b8rj4y12wjwxd3ra8smubvut9','OWVlMmI0YzY5ODI5ZjFkZmM0ZDA0OTcyNDRlNzlmNGU5Nzk3ZTU2MDp7Il9hdXRoX3VzZXJfaWQiOiIxIiwiX2F1dGhfdXNlcl9iYWNrZW5kIjoiZGphbmdvLmNvbnRyaWIuYXV0aC5iYWNrZW5kcy5Nb2RlbEJhY2tlbmQiLCJfYXV0aF91c2VyX2hhc2giOiI0YTc5ODIwYzVlNzllZGQ0Y2U4ZDgxNjVlNThlYTdhNzZkMWE4NDY2In0=','2020-06-26 05:46:13.061166'),
	('ozrbe5lm2gr8u6vp7oghywp5ocptmo47','OWVlMmI0YzY5ODI5ZjFkZmM0ZDA0OTcyNDRlNzlmNGU5Nzk3ZTU2MDp7Il9hdXRoX3VzZXJfaWQiOiIxIiwiX2F1dGhfdXNlcl9iYWNrZW5kIjoiZGphbmdvLmNvbnRyaWIuYXV0aC5iYWNrZW5kcy5Nb2RlbEJhY2tlbmQiLCJfYXV0aF91c2VyX2hhc2giOiI0YTc5ODIwYzVlNzllZGQ0Y2U4ZDgxNjVlNThlYTdhNzZkMWE4NDY2In0=','2020-07-09 07:50:06.502004'),
	('p163ejyescvlt1cu3fvheagoupnt5yio','OWVlMmI0YzY5ODI5ZjFkZmM0ZDA0OTcyNDRlNzlmNGU5Nzk3ZTU2MDp7Il9hdXRoX3VzZXJfaWQiOiIxIiwiX2F1dGhfdXNlcl9iYWNrZW5kIjoiZGphbmdvLmNvbnRyaWIuYXV0aC5iYWNrZW5kcy5Nb2RlbEJhY2tlbmQiLCJfYXV0aF91c2VyX2hhc2giOiI0YTc5ODIwYzVlNzllZGQ0Y2U4ZDgxNjVlNThlYTdhNzZkMWE4NDY2In0=','2020-06-27 14:20:09.731630'),
	('p1axmznhk3tm1zjt5w06ee2k66z4juuv','MmYyMDM3YzFkMjI2Yzk1MTEyYzhlNTg1Yjc1MDRhODdiMzljOTkwMDp7Il9hdXRoX3VzZXJfaWQiOiIyIiwiX2F1dGhfdXNlcl9iYWNrZW5kIjoiZGphbmdvLmNvbnRyaWIuYXV0aC5iYWNrZW5kcy5Nb2RlbEJhY2tlbmQiLCJfYXV0aF91c2VyX2hhc2giOiJjZTM1OWZiOTMxYTRjMGVkZWY1MmJjZmQ0NmE5MWY3OTg3ZWNiZjMxIn0=','2020-06-25 09:12:22.363221'),
	('p582y5y3ehzi556bvkbnr8x4iizsuh22','MmYyMDM3YzFkMjI2Yzk1MTEyYzhlNTg1Yjc1MDRhODdiMzljOTkwMDp7Il9hdXRoX3VzZXJfaWQiOiIyIiwiX2F1dGhfdXNlcl9iYWNrZW5kIjoiZGphbmdvLmNvbnRyaWIuYXV0aC5iYWNrZW5kcy5Nb2RlbEJhY2tlbmQiLCJfYXV0aF91c2VyX2hhc2giOiJjZTM1OWZiOTMxYTRjMGVkZWY1MmJjZmQ0NmE5MWY3OTg3ZWNiZjMxIn0=','2020-06-25 09:11:26.677872'),
	('p5iqvsjm3ofc138pr56gwi4b3720w8mx','OWVlMmI0YzY5ODI5ZjFkZmM0ZDA0OTcyNDRlNzlmNGU5Nzk3ZTU2MDp7Il9hdXRoX3VzZXJfaWQiOiIxIiwiX2F1dGhfdXNlcl9iYWNrZW5kIjoiZGphbmdvLmNvbnRyaWIuYXV0aC5iYWNrZW5kcy5Nb2RlbEJhY2tlbmQiLCJfYXV0aF91c2VyX2hhc2giOiI0YTc5ODIwYzVlNzllZGQ0Y2U4ZDgxNjVlNThlYTdhNzZkMWE4NDY2In0=','2020-06-27 10:05:24.951116'),
	('p600olsop11kwohdt5ke90w8n8krvcl6','OWVlMmI0YzY5ODI5ZjFkZmM0ZDA0OTcyNDRlNzlmNGU5Nzk3ZTU2MDp7Il9hdXRoX3VzZXJfaWQiOiIxIiwiX2F1dGhfdXNlcl9iYWNrZW5kIjoiZGphbmdvLmNvbnRyaWIuYXV0aC5iYWNrZW5kcy5Nb2RlbEJhY2tlbmQiLCJfYXV0aF91c2VyX2hhc2giOiI0YTc5ODIwYzVlNzllZGQ0Y2U4ZDgxNjVlNThlYTdhNzZkMWE4NDY2In0=','2020-06-24 10:10:46.804336'),
	('p62d2ymgg6o7s0fbql891om2650wrz4q','MmYyMDM3YzFkMjI2Yzk1MTEyYzhlNTg1Yjc1MDRhODdiMzljOTkwMDp7Il9hdXRoX3VzZXJfaWQiOiIyIiwiX2F1dGhfdXNlcl9iYWNrZW5kIjoiZGphbmdvLmNvbnRyaWIuYXV0aC5iYWNrZW5kcy5Nb2RlbEJhY2tlbmQiLCJfYXV0aF91c2VyX2hhc2giOiJjZTM1OWZiOTMxYTRjMGVkZWY1MmJjZmQ0NmE5MWY3OTg3ZWNiZjMxIn0=','2020-06-25 08:40:26.905228'),
	('p78ktzvl71hs9b6k862nj31hn5tj10f9','OWVlMmI0YzY5ODI5ZjFkZmM0ZDA0OTcyNDRlNzlmNGU5Nzk3ZTU2MDp7Il9hdXRoX3VzZXJfaWQiOiIxIiwiX2F1dGhfdXNlcl9iYWNrZW5kIjoiZGphbmdvLmNvbnRyaWIuYXV0aC5iYWNrZW5kcy5Nb2RlbEJhY2tlbmQiLCJfYXV0aF91c2VyX2hhc2giOiI0YTc5ODIwYzVlNzllZGQ0Y2U4ZDgxNjVlNThlYTdhNzZkMWE4NDY2In0=','2020-06-26 05:55:49.906133'),
	('p8aslpjvnk3awddo0nstafxwfcrl9pbs','OWVlMmI0YzY5ODI5ZjFkZmM0ZDA0OTcyNDRlNzlmNGU5Nzk3ZTU2MDp7Il9hdXRoX3VzZXJfaWQiOiIxIiwiX2F1dGhfdXNlcl9iYWNrZW5kIjoiZGphbmdvLmNvbnRyaWIuYXV0aC5iYWNrZW5kcy5Nb2RlbEJhY2tlbmQiLCJfYXV0aF91c2VyX2hhc2giOiI0YTc5ODIwYzVlNzllZGQ0Y2U4ZDgxNjVlNThlYTdhNzZkMWE4NDY2In0=','2020-06-25 08:33:08.436310'),
	('pdwfsrv4vjbgqhq7zg189f0d3ykqp6lx','OWVlMmI0YzY5ODI5ZjFkZmM0ZDA0OTcyNDRlNzlmNGU5Nzk3ZTU2MDp7Il9hdXRoX3VzZXJfaWQiOiIxIiwiX2F1dGhfdXNlcl9iYWNrZW5kIjoiZGphbmdvLmNvbnRyaWIuYXV0aC5iYWNrZW5kcy5Nb2RlbEJhY2tlbmQiLCJfYXV0aF91c2VyX2hhc2giOiI0YTc5ODIwYzVlNzllZGQ0Y2U4ZDgxNjVlNThlYTdhNzZkMWE4NDY2In0=','2020-06-27 10:52:21.103027'),
	('pif5qu45fuv369wupvih940tk6g594ma','OWVlMmI0YzY5ODI5ZjFkZmM0ZDA0OTcyNDRlNzlmNGU5Nzk3ZTU2MDp7Il9hdXRoX3VzZXJfaWQiOiIxIiwiX2F1dGhfdXNlcl9iYWNrZW5kIjoiZGphbmdvLmNvbnRyaWIuYXV0aC5iYWNrZW5kcy5Nb2RlbEJhY2tlbmQiLCJfYXV0aF91c2VyX2hhc2giOiI0YTc5ODIwYzVlNzllZGQ0Y2U4ZDgxNjVlNThlYTdhNzZkMWE4NDY2In0=','2020-06-26 06:22:48.519414'),
	('pnhw02a6jmnf5q1mct8o3hpjb0qxdxe1','OWVlMmI0YzY5ODI5ZjFkZmM0ZDA0OTcyNDRlNzlmNGU5Nzk3ZTU2MDp7Il9hdXRoX3VzZXJfaWQiOiIxIiwiX2F1dGhfdXNlcl9iYWNrZW5kIjoiZGphbmdvLmNvbnRyaWIuYXV0aC5iYWNrZW5kcy5Nb2RlbEJhY2tlbmQiLCJfYXV0aF91c2VyX2hhc2giOiI0YTc5ODIwYzVlNzllZGQ0Y2U4ZDgxNjVlNThlYTdhNzZkMWE4NDY2In0=','2020-06-21 09:50:07.730920'),
	('pqlcgpx1j69jxic6ujss6sx8stfhrnta','OWVlMmI0YzY5ODI5ZjFkZmM0ZDA0OTcyNDRlNzlmNGU5Nzk3ZTU2MDp7Il9hdXRoX3VzZXJfaWQiOiIxIiwiX2F1dGhfdXNlcl9iYWNrZW5kIjoiZGphbmdvLmNvbnRyaWIuYXV0aC5iYWNrZW5kcy5Nb2RlbEJhY2tlbmQiLCJfYXV0aF91c2VyX2hhc2giOiI0YTc5ODIwYzVlNzllZGQ0Y2U4ZDgxNjVlNThlYTdhNzZkMWE4NDY2In0=','2020-06-25 10:27:46.398195'),
	('puqugeivyeoqo3w8miv954vjgksqjrm4','OWVlMmI0YzY5ODI5ZjFkZmM0ZDA0OTcyNDRlNzlmNGU5Nzk3ZTU2MDp7Il9hdXRoX3VzZXJfaWQiOiIxIiwiX2F1dGhfdXNlcl9iYWNrZW5kIjoiZGphbmdvLmNvbnRyaWIuYXV0aC5iYWNrZW5kcy5Nb2RlbEJhY2tlbmQiLCJfYXV0aF91c2VyX2hhc2giOiI0YTc5ODIwYzVlNzllZGQ0Y2U4ZDgxNjVlNThlYTdhNzZkMWE4NDY2In0=','2020-06-26 05:45:43.902553'),
	('q4lygqymi4rznon2hjsdvtdpzu084o99','OWVlMmI0YzY5ODI5ZjFkZmM0ZDA0OTcyNDRlNzlmNGU5Nzk3ZTU2MDp7Il9hdXRoX3VzZXJfaWQiOiIxIiwiX2F1dGhfdXNlcl9iYWNrZW5kIjoiZGphbmdvLmNvbnRyaWIuYXV0aC5iYWNrZW5kcy5Nb2RlbEJhY2tlbmQiLCJfYXV0aF91c2VyX2hhc2giOiI0YTc5ODIwYzVlNzllZGQ0Y2U4ZDgxNjVlNThlYTdhNzZkMWE4NDY2In0=','2020-06-22 07:28:37.245653'),
	('q8h4z4ifn8v68aq7cqeolhp6mn88vp1q','OWVlMmI0YzY5ODI5ZjFkZmM0ZDA0OTcyNDRlNzlmNGU5Nzk3ZTU2MDp7Il9hdXRoX3VzZXJfaWQiOiIxIiwiX2F1dGhfdXNlcl9iYWNrZW5kIjoiZGphbmdvLmNvbnRyaWIuYXV0aC5iYWNrZW5kcy5Nb2RlbEJhY2tlbmQiLCJfYXV0aF91c2VyX2hhc2giOiI0YTc5ODIwYzVlNzllZGQ0Y2U4ZDgxNjVlNThlYTdhNzZkMWE4NDY2In0=','2020-06-27 09:40:47.925290'),
	('qcnbq8es4btwifz673c7wiftf6pel3cj','OWVlMmI0YzY5ODI5ZjFkZmM0ZDA0OTcyNDRlNzlmNGU5Nzk3ZTU2MDp7Il9hdXRoX3VzZXJfaWQiOiIxIiwiX2F1dGhfdXNlcl9iYWNrZW5kIjoiZGphbmdvLmNvbnRyaWIuYXV0aC5iYWNrZW5kcy5Nb2RlbEJhY2tlbmQiLCJfYXV0aF91c2VyX2hhc2giOiI0YTc5ODIwYzVlNzllZGQ0Y2U4ZDgxNjVlNThlYTdhNzZkMWE4NDY2In0=','2020-06-25 10:08:44.647832'),
	('qcwb9qbji7hv5s1x5sqpphtcfbk2ue9u','MmYyMDM3YzFkMjI2Yzk1MTEyYzhlNTg1Yjc1MDRhODdiMzljOTkwMDp7Il9hdXRoX3VzZXJfaWQiOiIyIiwiX2F1dGhfdXNlcl9iYWNrZW5kIjoiZGphbmdvLmNvbnRyaWIuYXV0aC5iYWNrZW5kcy5Nb2RlbEJhY2tlbmQiLCJfYXV0aF91c2VyX2hhc2giOiJjZTM1OWZiOTMxYTRjMGVkZWY1MmJjZmQ0NmE5MWY3OTg3ZWNiZjMxIn0=','2020-07-01 10:06:11.030971'),
	('qdd086aaakwzywwbqi4wv7qj4lt98t4d','OWVlMmI0YzY5ODI5ZjFkZmM0ZDA0OTcyNDRlNzlmNGU5Nzk3ZTU2MDp7Il9hdXRoX3VzZXJfaWQiOiIxIiwiX2F1dGhfdXNlcl9iYWNrZW5kIjoiZGphbmdvLmNvbnRyaWIuYXV0aC5iYWNrZW5kcy5Nb2RlbEJhY2tlbmQiLCJfYXV0aF91c2VyX2hhc2giOiI0YTc5ODIwYzVlNzllZGQ0Y2U4ZDgxNjVlNThlYTdhNzZkMWE4NDY2In0=','2020-07-04 09:19:20.670047'),
	('qithcsldsbddlzyo3x5t998x6v3ps3eb','OWVlMmI0YzY5ODI5ZjFkZmM0ZDA0OTcyNDRlNzlmNGU5Nzk3ZTU2MDp7Il9hdXRoX3VzZXJfaWQiOiIxIiwiX2F1dGhfdXNlcl9iYWNrZW5kIjoiZGphbmdvLmNvbnRyaWIuYXV0aC5iYWNrZW5kcy5Nb2RlbEJhY2tlbmQiLCJfYXV0aF91c2VyX2hhc2giOiI0YTc5ODIwYzVlNzllZGQ0Y2U4ZDgxNjVlNThlYTdhNzZkMWE4NDY2In0=','2020-06-27 05:55:30.951095'),
	('qrhsdkwrvcbcwen5qrg298cgvbe4bfpl','OWVlMmI0YzY5ODI5ZjFkZmM0ZDA0OTcyNDRlNzlmNGU5Nzk3ZTU2MDp7Il9hdXRoX3VzZXJfaWQiOiIxIiwiX2F1dGhfdXNlcl9iYWNrZW5kIjoiZGphbmdvLmNvbnRyaWIuYXV0aC5iYWNrZW5kcy5Nb2RlbEJhY2tlbmQiLCJfYXV0aF91c2VyX2hhc2giOiI0YTc5ODIwYzVlNzllZGQ0Y2U4ZDgxNjVlNThlYTdhNzZkMWE4NDY2In0=','2020-07-11 06:57:55.384653'),
	('qumup2a9rnj7ptyz0omyxmfy8ccf2why','OWVlMmI0YzY5ODI5ZjFkZmM0ZDA0OTcyNDRlNzlmNGU5Nzk3ZTU2MDp7Il9hdXRoX3VzZXJfaWQiOiIxIiwiX2F1dGhfdXNlcl9iYWNrZW5kIjoiZGphbmdvLmNvbnRyaWIuYXV0aC5iYWNrZW5kcy5Nb2RlbEJhY2tlbmQiLCJfYXV0aF91c2VyX2hhc2giOiI0YTc5ODIwYzVlNzllZGQ0Y2U4ZDgxNjVlNThlYTdhNzZkMWE4NDY2In0=','2020-06-23 10:41:42.310975'),
	('qw2ljl02g78v6dkbb1zxrpv454skbpef','OWVlMmI0YzY5ODI5ZjFkZmM0ZDA0OTcyNDRlNzlmNGU5Nzk3ZTU2MDp7Il9hdXRoX3VzZXJfaWQiOiIxIiwiX2F1dGhfdXNlcl9iYWNrZW5kIjoiZGphbmdvLmNvbnRyaWIuYXV0aC5iYWNrZW5kcy5Nb2RlbEJhY2tlbmQiLCJfYXV0aF91c2VyX2hhc2giOiI0YTc5ODIwYzVlNzllZGQ0Y2U4ZDgxNjVlNThlYTdhNzZkMWE4NDY2In0=','2020-07-04 06:06:20.784398'),
	('qwy188yc562ap36rof2cde0m2cwlnlpi','OWVlMmI0YzY5ODI5ZjFkZmM0ZDA0OTcyNDRlNzlmNGU5Nzk3ZTU2MDp7Il9hdXRoX3VzZXJfaWQiOiIxIiwiX2F1dGhfdXNlcl9iYWNrZW5kIjoiZGphbmdvLmNvbnRyaWIuYXV0aC5iYWNrZW5kcy5Nb2RlbEJhY2tlbmQiLCJfYXV0aF91c2VyX2hhc2giOiI0YTc5ODIwYzVlNzllZGQ0Y2U4ZDgxNjVlNThlYTdhNzZkMWE4NDY2In0=','2020-07-09 07:15:12.580605'),
	('r1cdjspx5mux9jrq46hae04lwff26rsq','OWVlMmI0YzY5ODI5ZjFkZmM0ZDA0OTcyNDRlNzlmNGU5Nzk3ZTU2MDp7Il9hdXRoX3VzZXJfaWQiOiIxIiwiX2F1dGhfdXNlcl9iYWNrZW5kIjoiZGphbmdvLmNvbnRyaWIuYXV0aC5iYWNrZW5kcy5Nb2RlbEJhY2tlbmQiLCJfYXV0aF91c2VyX2hhc2giOiI0YTc5ODIwYzVlNzllZGQ0Y2U4ZDgxNjVlNThlYTdhNzZkMWE4NDY2In0=','2020-06-26 06:19:14.958102'),
	('r3ressnemldpe6q1yajy9qstu6xifezw','OWVlMmI0YzY5ODI5ZjFkZmM0ZDA0OTcyNDRlNzlmNGU5Nzk3ZTU2MDp7Il9hdXRoX3VzZXJfaWQiOiIxIiwiX2F1dGhfdXNlcl9iYWNrZW5kIjoiZGphbmdvLmNvbnRyaWIuYXV0aC5iYWNrZW5kcy5Nb2RlbEJhY2tlbmQiLCJfYXV0aF91c2VyX2hhc2giOiI0YTc5ODIwYzVlNzllZGQ0Y2U4ZDgxNjVlNThlYTdhNzZkMWE4NDY2In0=','2020-07-09 07:05:47.022397'),
	('r4tg2rya08io9fu1woct0rfn2sawd7mw','OWVlMmI0YzY5ODI5ZjFkZmM0ZDA0OTcyNDRlNzlmNGU5Nzk3ZTU2MDp7Il9hdXRoX3VzZXJfaWQiOiIxIiwiX2F1dGhfdXNlcl9iYWNrZW5kIjoiZGphbmdvLmNvbnRyaWIuYXV0aC5iYWNrZW5kcy5Nb2RlbEJhY2tlbmQiLCJfYXV0aF91c2VyX2hhc2giOiI0YTc5ODIwYzVlNzllZGQ0Y2U4ZDgxNjVlNThlYTdhNzZkMWE4NDY2In0=','2020-06-24 10:21:08.504932'),
	('r50i9ha1rn9guhgzpta2qz37xkqml4io','OWVlMmI0YzY5ODI5ZjFkZmM0ZDA0OTcyNDRlNzlmNGU5Nzk3ZTU2MDp7Il9hdXRoX3VzZXJfaWQiOiIxIiwiX2F1dGhfdXNlcl9iYWNrZW5kIjoiZGphbmdvLmNvbnRyaWIuYXV0aC5iYWNrZW5kcy5Nb2RlbEJhY2tlbmQiLCJfYXV0aF91c2VyX2hhc2giOiI0YTc5ODIwYzVlNzllZGQ0Y2U4ZDgxNjVlNThlYTdhNzZkMWE4NDY2In0=','2020-06-27 14:45:04.880574'),
	('r63ho5qu1yigydpqsw44eq9wgvzss1fn','OWVlMmI0YzY5ODI5ZjFkZmM0ZDA0OTcyNDRlNzlmNGU5Nzk3ZTU2MDp7Il9hdXRoX3VzZXJfaWQiOiIxIiwiX2F1dGhfdXNlcl9iYWNrZW5kIjoiZGphbmdvLmNvbnRyaWIuYXV0aC5iYWNrZW5kcy5Nb2RlbEJhY2tlbmQiLCJfYXV0aF91c2VyX2hhc2giOiI0YTc5ODIwYzVlNzllZGQ0Y2U4ZDgxNjVlNThlYTdhNzZkMWE4NDY2In0=','2020-06-27 08:55:33.066053'),
	('rdsmmzgn1ux1idldqv3jqcg8skc67i2y','OWVlMmI0YzY5ODI5ZjFkZmM0ZDA0OTcyNDRlNzlmNGU5Nzk3ZTU2MDp7Il9hdXRoX3VzZXJfaWQiOiIxIiwiX2F1dGhfdXNlcl9iYWNrZW5kIjoiZGphbmdvLmNvbnRyaWIuYXV0aC5iYWNrZW5kcy5Nb2RlbEJhY2tlbmQiLCJfYXV0aF91c2VyX2hhc2giOiI0YTc5ODIwYzVlNzllZGQ0Y2U4ZDgxNjVlNThlYTdhNzZkMWE4NDY2In0=','2020-06-27 06:15:20.565111'),
	('rl6v72ob2zmiqpboo9takn6cqb1f6nm5','OWVlMmI0YzY5ODI5ZjFkZmM0ZDA0OTcyNDRlNzlmNGU5Nzk3ZTU2MDp7Il9hdXRoX3VzZXJfaWQiOiIxIiwiX2F1dGhfdXNlcl9iYWNrZW5kIjoiZGphbmdvLmNvbnRyaWIuYXV0aC5iYWNrZW5kcy5Nb2RlbEJhY2tlbmQiLCJfYXV0aF91c2VyX2hhc2giOiI0YTc5ODIwYzVlNzllZGQ0Y2U4ZDgxNjVlNThlYTdhNzZkMWE4NDY2In0=','2020-06-27 06:37:14.501888'),
	('rm3ah5qt9n0mdwjf358f82965atjpceg','MmYyMDM3YzFkMjI2Yzk1MTEyYzhlNTg1Yjc1MDRhODdiMzljOTkwMDp7Il9hdXRoX3VzZXJfaWQiOiIyIiwiX2F1dGhfdXNlcl9iYWNrZW5kIjoiZGphbmdvLmNvbnRyaWIuYXV0aC5iYWNrZW5kcy5Nb2RlbEJhY2tlbmQiLCJfYXV0aF91c2VyX2hhc2giOiJjZTM1OWZiOTMxYTRjMGVkZWY1MmJjZmQ0NmE5MWY3OTg3ZWNiZjMxIn0=','2020-06-25 09:07:03.680082'),
	('ryzmsj0edmhxjtegdjcfje8rcq5luzlp','MmYyMDM3YzFkMjI2Yzk1MTEyYzhlNTg1Yjc1MDRhODdiMzljOTkwMDp7Il9hdXRoX3VzZXJfaWQiOiIyIiwiX2F1dGhfdXNlcl9iYWNrZW5kIjoiZGphbmdvLmNvbnRyaWIuYXV0aC5iYWNrZW5kcy5Nb2RlbEJhY2tlbmQiLCJfYXV0aF91c2VyX2hhc2giOiJjZTM1OWZiOTMxYTRjMGVkZWY1MmJjZmQ0NmE5MWY3OTg3ZWNiZjMxIn0=','2020-06-25 09:31:01.967904'),
	('rze3w6cbl8ve28bijdhykicydstev87v','OWVlMmI0YzY5ODI5ZjFkZmM0ZDA0OTcyNDRlNzlmNGU5Nzk3ZTU2MDp7Il9hdXRoX3VzZXJfaWQiOiIxIiwiX2F1dGhfdXNlcl9iYWNrZW5kIjoiZGphbmdvLmNvbnRyaWIuYXV0aC5iYWNrZW5kcy5Nb2RlbEJhY2tlbmQiLCJfYXV0aF91c2VyX2hhc2giOiI0YTc5ODIwYzVlNzllZGQ0Y2U4ZDgxNjVlNThlYTdhNzZkMWE4NDY2In0=','2020-07-11 06:45:02.816813'),
	('s28rxl7i7yyed2355v56141xlms2hl2m','OWVlMmI0YzY5ODI5ZjFkZmM0ZDA0OTcyNDRlNzlmNGU5Nzk3ZTU2MDp7Il9hdXRoX3VzZXJfaWQiOiIxIiwiX2F1dGhfdXNlcl9iYWNrZW5kIjoiZGphbmdvLmNvbnRyaWIuYXV0aC5iYWNrZW5kcy5Nb2RlbEJhY2tlbmQiLCJfYXV0aF91c2VyX2hhc2giOiI0YTc5ODIwYzVlNzllZGQ0Y2U4ZDgxNjVlNThlYTdhNzZkMWE4NDY2In0=','2020-06-26 05:53:14.621692'),
	('sirhi7qvaakcauucpbn2iqryk99oblr3','MmYyMDM3YzFkMjI2Yzk1MTEyYzhlNTg1Yjc1MDRhODdiMzljOTkwMDp7Il9hdXRoX3VzZXJfaWQiOiIyIiwiX2F1dGhfdXNlcl9iYWNrZW5kIjoiZGphbmdvLmNvbnRyaWIuYXV0aC5iYWNrZW5kcy5Nb2RlbEJhY2tlbmQiLCJfYXV0aF91c2VyX2hhc2giOiJjZTM1OWZiOTMxYTRjMGVkZWY1MmJjZmQ0NmE5MWY3OTg3ZWNiZjMxIn0=','2020-06-25 09:10:47.184963'),
	('snjkaqu9yest8gulmc127rsskpl5mi23','OWVlMmI0YzY5ODI5ZjFkZmM0ZDA0OTcyNDRlNzlmNGU5Nzk3ZTU2MDp7Il9hdXRoX3VzZXJfaWQiOiIxIiwiX2F1dGhfdXNlcl9iYWNrZW5kIjoiZGphbmdvLmNvbnRyaWIuYXV0aC5iYWNrZW5kcy5Nb2RlbEJhY2tlbmQiLCJfYXV0aF91c2VyX2hhc2giOiI0YTc5ODIwYzVlNzllZGQ0Y2U4ZDgxNjVlNThlYTdhNzZkMWE4NDY2In0=','2020-06-27 09:39:29.252413'),
	('sqf3kzobxg2bk40hxsudxxb62bknxf8i','OWVlMmI0YzY5ODI5ZjFkZmM0ZDA0OTcyNDRlNzlmNGU5Nzk3ZTU2MDp7Il9hdXRoX3VzZXJfaWQiOiIxIiwiX2F1dGhfdXNlcl9iYWNrZW5kIjoiZGphbmdvLmNvbnRyaWIuYXV0aC5iYWNrZW5kcy5Nb2RlbEJhY2tlbmQiLCJfYXV0aF91c2VyX2hhc2giOiI0YTc5ODIwYzVlNzllZGQ0Y2U4ZDgxNjVlNThlYTdhNzZkMWE4NDY2In0=','2020-06-27 06:29:35.361307'),
	('sqr10hly6vxjnciq3ywaauln1t7yx10l','OWVlMmI0YzY5ODI5ZjFkZmM0ZDA0OTcyNDRlNzlmNGU5Nzk3ZTU2MDp7Il9hdXRoX3VzZXJfaWQiOiIxIiwiX2F1dGhfdXNlcl9iYWNrZW5kIjoiZGphbmdvLmNvbnRyaWIuYXV0aC5iYWNrZW5kcy5Nb2RlbEJhY2tlbmQiLCJfYXV0aF91c2VyX2hhc2giOiI0YTc5ODIwYzVlNzllZGQ0Y2U4ZDgxNjVlNThlYTdhNzZkMWE4NDY2In0=','2020-06-25 02:21:04.861109'),
	('sr62r9ws8nvkz9lknf7wcv13d6fpd3te','OWVlMmI0YzY5ODI5ZjFkZmM0ZDA0OTcyNDRlNzlmNGU5Nzk3ZTU2MDp7Il9hdXRoX3VzZXJfaWQiOiIxIiwiX2F1dGhfdXNlcl9iYWNrZW5kIjoiZGphbmdvLmNvbnRyaWIuYXV0aC5iYWNrZW5kcy5Nb2RlbEJhY2tlbmQiLCJfYXV0aF91c2VyX2hhc2giOiI0YTc5ODIwYzVlNzllZGQ0Y2U4ZDgxNjVlNThlYTdhNzZkMWE4NDY2In0=','2020-06-27 08:37:03.810143'),
	('srxey14yauhnikvswi2oox8xa51ksa9u','OWVlMmI0YzY5ODI5ZjFkZmM0ZDA0OTcyNDRlNzlmNGU5Nzk3ZTU2MDp7Il9hdXRoX3VzZXJfaWQiOiIxIiwiX2F1dGhfdXNlcl9iYWNrZW5kIjoiZGphbmdvLmNvbnRyaWIuYXV0aC5iYWNrZW5kcy5Nb2RlbEJhY2tlbmQiLCJfYXV0aF91c2VyX2hhc2giOiI0YTc5ODIwYzVlNzllZGQ0Y2U4ZDgxNjVlNThlYTdhNzZkMWE4NDY2In0=','2020-06-21 10:24:17.094398'),
	('su4nzslcfca5igfhziso0rvdx7ejegpx','OWVlMmI0YzY5ODI5ZjFkZmM0ZDA0OTcyNDRlNzlmNGU5Nzk3ZTU2MDp7Il9hdXRoX3VzZXJfaWQiOiIxIiwiX2F1dGhfdXNlcl9iYWNrZW5kIjoiZGphbmdvLmNvbnRyaWIuYXV0aC5iYWNrZW5kcy5Nb2RlbEJhY2tlbmQiLCJfYXV0aF91c2VyX2hhc2giOiI0YTc5ODIwYzVlNzllZGQ0Y2U4ZDgxNjVlNThlYTdhNzZkMWE4NDY2In0=','2020-06-25 09:14:13.619149'),
	('swc57du9djtzwyxy9q31s12pq28jokki','OWVlMmI0YzY5ODI5ZjFkZmM0ZDA0OTcyNDRlNzlmNGU5Nzk3ZTU2MDp7Il9hdXRoX3VzZXJfaWQiOiIxIiwiX2F1dGhfdXNlcl9iYWNrZW5kIjoiZGphbmdvLmNvbnRyaWIuYXV0aC5iYWNrZW5kcy5Nb2RlbEJhY2tlbmQiLCJfYXV0aF91c2VyX2hhc2giOiI0YTc5ODIwYzVlNzllZGQ0Y2U4ZDgxNjVlNThlYTdhNzZkMWE4NDY2In0=','2020-07-04 05:53:40.451719'),
	('sxquhbl4ekb3m2uz0o80i3rdhcoeikst','OWVlMmI0YzY5ODI5ZjFkZmM0ZDA0OTcyNDRlNzlmNGU5Nzk3ZTU2MDp7Il9hdXRoX3VzZXJfaWQiOiIxIiwiX2F1dGhfdXNlcl9iYWNrZW5kIjoiZGphbmdvLmNvbnRyaWIuYXV0aC5iYWNrZW5kcy5Nb2RlbEJhY2tlbmQiLCJfYXV0aF91c2VyX2hhc2giOiI0YTc5ODIwYzVlNzllZGQ0Y2U4ZDgxNjVlNThlYTdhNzZkMWE4NDY2In0=','2020-06-26 04:04:59.622680'),
	('szq4uogj20xwy6yy14po535ph0svmioa','MmYyMDM3YzFkMjI2Yzk1MTEyYzhlNTg1Yjc1MDRhODdiMzljOTkwMDp7Il9hdXRoX3VzZXJfaWQiOiIyIiwiX2F1dGhfdXNlcl9iYWNrZW5kIjoiZGphbmdvLmNvbnRyaWIuYXV0aC5iYWNrZW5kcy5Nb2RlbEJhY2tlbmQiLCJfYXV0aF91c2VyX2hhc2giOiJjZTM1OWZiOTMxYTRjMGVkZWY1MmJjZmQ0NmE5MWY3OTg3ZWNiZjMxIn0=','2020-06-25 09:07:38.695623'),
	('t111lu374tz95897obmci387m87nwxr5','OWVlMmI0YzY5ODI5ZjFkZmM0ZDA0OTcyNDRlNzlmNGU5Nzk3ZTU2MDp7Il9hdXRoX3VzZXJfaWQiOiIxIiwiX2F1dGhfdXNlcl9iYWNrZW5kIjoiZGphbmdvLmNvbnRyaWIuYXV0aC5iYWNrZW5kcy5Nb2RlbEJhY2tlbmQiLCJfYXV0aF91c2VyX2hhc2giOiI0YTc5ODIwYzVlNzllZGQ0Y2U4ZDgxNjVlNThlYTdhNzZkMWE4NDY2In0=','2020-06-27 10:13:14.039647'),
	('t1njcrciige2vhe2r1kw67gnugxp77sm','OWVlMmI0YzY5ODI5ZjFkZmM0ZDA0OTcyNDRlNzlmNGU5Nzk3ZTU2MDp7Il9hdXRoX3VzZXJfaWQiOiIxIiwiX2F1dGhfdXNlcl9iYWNrZW5kIjoiZGphbmdvLmNvbnRyaWIuYXV0aC5iYWNrZW5kcy5Nb2RlbEJhY2tlbmQiLCJfYXV0aF91c2VyX2hhc2giOiI0YTc5ODIwYzVlNzllZGQ0Y2U4ZDgxNjVlNThlYTdhNzZkMWE4NDY2In0=','2020-06-27 10:24:33.164447'),
	('t7vz1aaby5f2598ay84j80rdxybvq8wd','OWVlMmI0YzY5ODI5ZjFkZmM0ZDA0OTcyNDRlNzlmNGU5Nzk3ZTU2MDp7Il9hdXRoX3VzZXJfaWQiOiIxIiwiX2F1dGhfdXNlcl9iYWNrZW5kIjoiZGphbmdvLmNvbnRyaWIuYXV0aC5iYWNrZW5kcy5Nb2RlbEJhY2tlbmQiLCJfYXV0aF91c2VyX2hhc2giOiI0YTc5ODIwYzVlNzllZGQ0Y2U4ZDgxNjVlNThlYTdhNzZkMWE4NDY2In0=','2020-06-22 08:34:04.937447'),
	('t8hbnnwf35cukw3x689mylaiqnim29wf','OWVlMmI0YzY5ODI5ZjFkZmM0ZDA0OTcyNDRlNzlmNGU5Nzk3ZTU2MDp7Il9hdXRoX3VzZXJfaWQiOiIxIiwiX2F1dGhfdXNlcl9iYWNrZW5kIjoiZGphbmdvLmNvbnRyaWIuYXV0aC5iYWNrZW5kcy5Nb2RlbEJhY2tlbmQiLCJfYXV0aF91c2VyX2hhc2giOiI0YTc5ODIwYzVlNzllZGQ0Y2U4ZDgxNjVlNThlYTdhNzZkMWE4NDY2In0=','2020-06-26 06:06:47.468186'),
	('t8r1uybyy3f0u6eahbqdh0hffotc30wo','OWVlMmI0YzY5ODI5ZjFkZmM0ZDA0OTcyNDRlNzlmNGU5Nzk3ZTU2MDp7Il9hdXRoX3VzZXJfaWQiOiIxIiwiX2F1dGhfdXNlcl9iYWNrZW5kIjoiZGphbmdvLmNvbnRyaWIuYXV0aC5iYWNrZW5kcy5Nb2RlbEJhY2tlbmQiLCJfYXV0aF91c2VyX2hhc2giOiI0YTc5ODIwYzVlNzllZGQ0Y2U4ZDgxNjVlNThlYTdhNzZkMWE4NDY2In0=','2020-06-24 03:34:05.261557'),
	('tcq25jmg7keh7rswz76wkl1shxtlw2mg','OWVlMmI0YzY5ODI5ZjFkZmM0ZDA0OTcyNDRlNzlmNGU5Nzk3ZTU2MDp7Il9hdXRoX3VzZXJfaWQiOiIxIiwiX2F1dGhfdXNlcl9iYWNrZW5kIjoiZGphbmdvLmNvbnRyaWIuYXV0aC5iYWNrZW5kcy5Nb2RlbEJhY2tlbmQiLCJfYXV0aF91c2VyX2hhc2giOiI0YTc5ODIwYzVlNzllZGQ0Y2U4ZDgxNjVlNThlYTdhNzZkMWE4NDY2In0=','2020-06-27 15:01:37.090922'),
	('thdgtz7l25on8yekw13dy5je7a7ma9w3','OWVlMmI0YzY5ODI5ZjFkZmM0ZDA0OTcyNDRlNzlmNGU5Nzk3ZTU2MDp7Il9hdXRoX3VzZXJfaWQiOiIxIiwiX2F1dGhfdXNlcl9iYWNrZW5kIjoiZGphbmdvLmNvbnRyaWIuYXV0aC5iYWNrZW5kcy5Nb2RlbEJhY2tlbmQiLCJfYXV0aF91c2VyX2hhc2giOiI0YTc5ODIwYzVlNzllZGQ0Y2U4ZDgxNjVlNThlYTdhNzZkMWE4NDY2In0=','2020-06-27 14:18:02.653113'),
	('tmlbn71wzeshfuqcp3wj43v9aygg2mkd','OWVlMmI0YzY5ODI5ZjFkZmM0ZDA0OTcyNDRlNzlmNGU5Nzk3ZTU2MDp7Il9hdXRoX3VzZXJfaWQiOiIxIiwiX2F1dGhfdXNlcl9iYWNrZW5kIjoiZGphbmdvLmNvbnRyaWIuYXV0aC5iYWNrZW5kcy5Nb2RlbEJhY2tlbmQiLCJfYXV0aF91c2VyX2hhc2giOiI0YTc5ODIwYzVlNzllZGQ0Y2U4ZDgxNjVlNThlYTdhNzZkMWE4NDY2In0=','2020-07-09 07:13:20.459141'),
	('tnhhnwyl7mpo58hin73lxsamlatmx8q3','OWVlMmI0YzY5ODI5ZjFkZmM0ZDA0OTcyNDRlNzlmNGU5Nzk3ZTU2MDp7Il9hdXRoX3VzZXJfaWQiOiIxIiwiX2F1dGhfdXNlcl9iYWNrZW5kIjoiZGphbmdvLmNvbnRyaWIuYXV0aC5iYWNrZW5kcy5Nb2RlbEJhY2tlbmQiLCJfYXV0aF91c2VyX2hhc2giOiI0YTc5ODIwYzVlNzllZGQ0Y2U4ZDgxNjVlNThlYTdhNzZkMWE4NDY2In0=','2020-07-04 09:25:16.132952'),
	('tp0ud8khn5zkfyzvsuqvbigr4fhkoo88','OWVlMmI0YzY5ODI5ZjFkZmM0ZDA0OTcyNDRlNzlmNGU5Nzk3ZTU2MDp7Il9hdXRoX3VzZXJfaWQiOiIxIiwiX2F1dGhfdXNlcl9iYWNrZW5kIjoiZGphbmdvLmNvbnRyaWIuYXV0aC5iYWNrZW5kcy5Nb2RlbEJhY2tlbmQiLCJfYXV0aF91c2VyX2hhc2giOiI0YTc5ODIwYzVlNzllZGQ0Y2U4ZDgxNjVlNThlYTdhNzZkMWE4NDY2In0=','2020-06-27 05:28:10.789090'),
	('tvn6owe9gbcpuihzxz80gzc2xh9h5p6e','OWVlMmI0YzY5ODI5ZjFkZmM0ZDA0OTcyNDRlNzlmNGU5Nzk3ZTU2MDp7Il9hdXRoX3VzZXJfaWQiOiIxIiwiX2F1dGhfdXNlcl9iYWNrZW5kIjoiZGphbmdvLmNvbnRyaWIuYXV0aC5iYWNrZW5kcy5Nb2RlbEJhY2tlbmQiLCJfYXV0aF91c2VyX2hhc2giOiI0YTc5ODIwYzVlNzllZGQ0Y2U4ZDgxNjVlNThlYTdhNzZkMWE4NDY2In0=','2020-06-24 04:10:12.570394'),
	('tz9lssid1c6e3qzsynawy10kunn5ilw2','OWVlMmI0YzY5ODI5ZjFkZmM0ZDA0OTcyNDRlNzlmNGU5Nzk3ZTU2MDp7Il9hdXRoX3VzZXJfaWQiOiIxIiwiX2F1dGhfdXNlcl9iYWNrZW5kIjoiZGphbmdvLmNvbnRyaWIuYXV0aC5iYWNrZW5kcy5Nb2RlbEJhY2tlbmQiLCJfYXV0aF91c2VyX2hhc2giOiI0YTc5ODIwYzVlNzllZGQ0Y2U4ZDgxNjVlNThlYTdhNzZkMWE4NDY2In0=','2020-07-09 07:29:44.215617'),
	('u5iee750ahacht7xai8b4xnyf0tf2qex','OWVlMmI0YzY5ODI5ZjFkZmM0ZDA0OTcyNDRlNzlmNGU5Nzk3ZTU2MDp7Il9hdXRoX3VzZXJfaWQiOiIxIiwiX2F1dGhfdXNlcl9iYWNrZW5kIjoiZGphbmdvLmNvbnRyaWIuYXV0aC5iYWNrZW5kcy5Nb2RlbEJhY2tlbmQiLCJfYXV0aF91c2VyX2hhc2giOiI0YTc5ODIwYzVlNzllZGQ0Y2U4ZDgxNjVlNThlYTdhNzZkMWE4NDY2In0=','2020-06-27 10:41:12.933496'),
	('ua54sg6exdpknin6up4julz52j3d5bum','OWVlMmI0YzY5ODI5ZjFkZmM0ZDA0OTcyNDRlNzlmNGU5Nzk3ZTU2MDp7Il9hdXRoX3VzZXJfaWQiOiIxIiwiX2F1dGhfdXNlcl9iYWNrZW5kIjoiZGphbmdvLmNvbnRyaWIuYXV0aC5iYWNrZW5kcy5Nb2RlbEJhY2tlbmQiLCJfYXV0aF91c2VyX2hhc2giOiI0YTc5ODIwYzVlNzllZGQ0Y2U4ZDgxNjVlNThlYTdhNzZkMWE4NDY2In0=','2020-07-04 05:38:57.515029'),
	('uis2tfc1zd77urc78yar9vrncfeuhrfy','OWVlMmI0YzY5ODI5ZjFkZmM0ZDA0OTcyNDRlNzlmNGU5Nzk3ZTU2MDp7Il9hdXRoX3VzZXJfaWQiOiIxIiwiX2F1dGhfdXNlcl9iYWNrZW5kIjoiZGphbmdvLmNvbnRyaWIuYXV0aC5iYWNrZW5kcy5Nb2RlbEJhY2tlbmQiLCJfYXV0aF91c2VyX2hhc2giOiI0YTc5ODIwYzVlNzllZGQ0Y2U4ZDgxNjVlNThlYTdhNzZkMWE4NDY2In0=','2020-07-11 03:29:38.284507'),
	('umhtv1ylfm1s0uk0afc2zvp5d6ope6kl','OWVlMmI0YzY5ODI5ZjFkZmM0ZDA0OTcyNDRlNzlmNGU5Nzk3ZTU2MDp7Il9hdXRoX3VzZXJfaWQiOiIxIiwiX2F1dGhfdXNlcl9iYWNrZW5kIjoiZGphbmdvLmNvbnRyaWIuYXV0aC5iYWNrZW5kcy5Nb2RlbEJhY2tlbmQiLCJfYXV0aF91c2VyX2hhc2giOiI0YTc5ODIwYzVlNzllZGQ0Y2U4ZDgxNjVlNThlYTdhNzZkMWE4NDY2In0=','2020-06-21 10:22:27.422041'),
	('uooler5dgexotr4x1uv2eckk04hdq3vk','OWVlMmI0YzY5ODI5ZjFkZmM0ZDA0OTcyNDRlNzlmNGU5Nzk3ZTU2MDp7Il9hdXRoX3VzZXJfaWQiOiIxIiwiX2F1dGhfdXNlcl9iYWNrZW5kIjoiZGphbmdvLmNvbnRyaWIuYXV0aC5iYWNrZW5kcy5Nb2RlbEJhY2tlbmQiLCJfYXV0aF91c2VyX2hhc2giOiI0YTc5ODIwYzVlNzllZGQ0Y2U4ZDgxNjVlNThlYTdhNzZkMWE4NDY2In0=','2020-07-11 05:31:56.531651'),
	('utn6semyii33jxbr2vtqq1romc2hg70p','OWVlMmI0YzY5ODI5ZjFkZmM0ZDA0OTcyNDRlNzlmNGU5Nzk3ZTU2MDp7Il9hdXRoX3VzZXJfaWQiOiIxIiwiX2F1dGhfdXNlcl9iYWNrZW5kIjoiZGphbmdvLmNvbnRyaWIuYXV0aC5iYWNrZW5kcy5Nb2RlbEJhY2tlbmQiLCJfYXV0aF91c2VyX2hhc2giOiI0YTc5ODIwYzVlNzllZGQ0Y2U4ZDgxNjVlNThlYTdhNzZkMWE4NDY2In0=','2020-06-24 10:41:47.959604'),
	('uyazx53lywmwuou08mxl51eczm9leaup','OWVlMmI0YzY5ODI5ZjFkZmM0ZDA0OTcyNDRlNzlmNGU5Nzk3ZTU2MDp7Il9hdXRoX3VzZXJfaWQiOiIxIiwiX2F1dGhfdXNlcl9iYWNrZW5kIjoiZGphbmdvLmNvbnRyaWIuYXV0aC5iYWNrZW5kcy5Nb2RlbEJhY2tlbmQiLCJfYXV0aF91c2VyX2hhc2giOiI0YTc5ODIwYzVlNzllZGQ0Y2U4ZDgxNjVlNThlYTdhNzZkMWE4NDY2In0=','2020-06-27 14:48:10.523646'),
	('v21u875me0fr5jphfecio1tv894u2j3s','OWVlMmI0YzY5ODI5ZjFkZmM0ZDA0OTcyNDRlNzlmNGU5Nzk3ZTU2MDp7Il9hdXRoX3VzZXJfaWQiOiIxIiwiX2F1dGhfdXNlcl9iYWNrZW5kIjoiZGphbmdvLmNvbnRyaWIuYXV0aC5iYWNrZW5kcy5Nb2RlbEJhY2tlbmQiLCJfYXV0aF91c2VyX2hhc2giOiI0YTc5ODIwYzVlNzllZGQ0Y2U4ZDgxNjVlNThlYTdhNzZkMWE4NDY2In0=','2020-07-09 07:00:14.627513'),
	('v9lk8bou9tw9zwnrd83pxgyktmrzsr3a','MmYyMDM3YzFkMjI2Yzk1MTEyYzhlNTg1Yjc1MDRhODdiMzljOTkwMDp7Il9hdXRoX3VzZXJfaWQiOiIyIiwiX2F1dGhfdXNlcl9iYWNrZW5kIjoiZGphbmdvLmNvbnRyaWIuYXV0aC5iYWNrZW5kcy5Nb2RlbEJhY2tlbmQiLCJfYXV0aF91c2VyX2hhc2giOiJjZTM1OWZiOTMxYTRjMGVkZWY1MmJjZmQ0NmE5MWY3OTg3ZWNiZjMxIn0=','2020-07-01 10:12:41.294479'),
	('v9qwfobh7b1xr1pf7wavrmu0s5171sec','OWVlMmI0YzY5ODI5ZjFkZmM0ZDA0OTcyNDRlNzlmNGU5Nzk3ZTU2MDp7Il9hdXRoX3VzZXJfaWQiOiIxIiwiX2F1dGhfdXNlcl9iYWNrZW5kIjoiZGphbmdvLmNvbnRyaWIuYXV0aC5iYWNrZW5kcy5Nb2RlbEJhY2tlbmQiLCJfYXV0aF91c2VyX2hhc2giOiI0YTc5ODIwYzVlNzllZGQ0Y2U4ZDgxNjVlNThlYTdhNzZkMWE4NDY2In0=','2020-06-25 07:57:31.810206'),
	('vikfquovnhdds1fvc2z9k3icgf6vhlf4','OWVlMmI0YzY5ODI5ZjFkZmM0ZDA0OTcyNDRlNzlmNGU5Nzk3ZTU2MDp7Il9hdXRoX3VzZXJfaWQiOiIxIiwiX2F1dGhfdXNlcl9iYWNrZW5kIjoiZGphbmdvLmNvbnRyaWIuYXV0aC5iYWNrZW5kcy5Nb2RlbEJhY2tlbmQiLCJfYXV0aF91c2VyX2hhc2giOiI0YTc5ODIwYzVlNzllZGQ0Y2U4ZDgxNjVlNThlYTdhNzZkMWE4NDY2In0=','2020-06-21 08:30:23.024533'),
	('viri07y2uccri2xsq96s6g7gfs71f3t7','OWVlMmI0YzY5ODI5ZjFkZmM0ZDA0OTcyNDRlNzlmNGU5Nzk3ZTU2MDp7Il9hdXRoX3VzZXJfaWQiOiIxIiwiX2F1dGhfdXNlcl9iYWNrZW5kIjoiZGphbmdvLmNvbnRyaWIuYXV0aC5iYWNrZW5kcy5Nb2RlbEJhY2tlbmQiLCJfYXV0aF91c2VyX2hhc2giOiI0YTc5ODIwYzVlNzllZGQ0Y2U4ZDgxNjVlNThlYTdhNzZkMWE4NDY2In0=','2020-06-27 06:17:03.154426'),
	('vmzt89dx85ku8gcnv9q8kcdzgtlm6iau','OWVlMmI0YzY5ODI5ZjFkZmM0ZDA0OTcyNDRlNzlmNGU5Nzk3ZTU2MDp7Il9hdXRoX3VzZXJfaWQiOiIxIiwiX2F1dGhfdXNlcl9iYWNrZW5kIjoiZGphbmdvLmNvbnRyaWIuYXV0aC5iYWNrZW5kcy5Nb2RlbEJhY2tlbmQiLCJfYXV0aF91c2VyX2hhc2giOiI0YTc5ODIwYzVlNzllZGQ0Y2U4ZDgxNjVlNThlYTdhNzZkMWE4NDY2In0=','2020-06-25 10:03:24.024366'),
	('vxmhvswrsfrforu4lgivx3wgpk8ncde5','OWVlMmI0YzY5ODI5ZjFkZmM0ZDA0OTcyNDRlNzlmNGU5Nzk3ZTU2MDp7Il9hdXRoX3VzZXJfaWQiOiIxIiwiX2F1dGhfdXNlcl9iYWNrZW5kIjoiZGphbmdvLmNvbnRyaWIuYXV0aC5iYWNrZW5kcy5Nb2RlbEJhY2tlbmQiLCJfYXV0aF91c2VyX2hhc2giOiI0YTc5ODIwYzVlNzllZGQ0Y2U4ZDgxNjVlNThlYTdhNzZkMWE4NDY2In0=','2020-06-26 06:21:29.880375'),
	('w0ore1tslanqdianmyrefz10kv76ct3d','OWVlMmI0YzY5ODI5ZjFkZmM0ZDA0OTcyNDRlNzlmNGU5Nzk3ZTU2MDp7Il9hdXRoX3VzZXJfaWQiOiIxIiwiX2F1dGhfdXNlcl9iYWNrZW5kIjoiZGphbmdvLmNvbnRyaWIuYXV0aC5iYWNrZW5kcy5Nb2RlbEJhY2tlbmQiLCJfYXV0aF91c2VyX2hhc2giOiI0YTc5ODIwYzVlNzllZGQ0Y2U4ZDgxNjVlNThlYTdhNzZkMWE4NDY2In0=','2020-06-26 04:03:20.574709'),
	('w4xf6xzvxt98p21gzy0e813dnkzilmfn','OWVlMmI0YzY5ODI5ZjFkZmM0ZDA0OTcyNDRlNzlmNGU5Nzk3ZTU2MDp7Il9hdXRoX3VzZXJfaWQiOiIxIiwiX2F1dGhfdXNlcl9iYWNrZW5kIjoiZGphbmdvLmNvbnRyaWIuYXV0aC5iYWNrZW5kcy5Nb2RlbEJhY2tlbmQiLCJfYXV0aF91c2VyX2hhc2giOiI0YTc5ODIwYzVlNzllZGQ0Y2U4ZDgxNjVlNThlYTdhNzZkMWE4NDY2In0=','2020-06-21 07:52:00.837195'),
	('w6dlhore8k96dfrauzas2cn6plwp4emh','OWVlMmI0YzY5ODI5ZjFkZmM0ZDA0OTcyNDRlNzlmNGU5Nzk3ZTU2MDp7Il9hdXRoX3VzZXJfaWQiOiIxIiwiX2F1dGhfdXNlcl9iYWNrZW5kIjoiZGphbmdvLmNvbnRyaWIuYXV0aC5iYWNrZW5kcy5Nb2RlbEJhY2tlbmQiLCJfYXV0aF91c2VyX2hhc2giOiI0YTc5ODIwYzVlNzllZGQ0Y2U4ZDgxNjVlNThlYTdhNzZkMWE4NDY2In0=','2020-07-04 05:59:50.018562'),
	('w9f6v37289hvt9raqsvo4pe93yteqgth','OWVlMmI0YzY5ODI5ZjFkZmM0ZDA0OTcyNDRlNzlmNGU5Nzk3ZTU2MDp7Il9hdXRoX3VzZXJfaWQiOiIxIiwiX2F1dGhfdXNlcl9iYWNrZW5kIjoiZGphbmdvLmNvbnRyaWIuYXV0aC5iYWNrZW5kcy5Nb2RlbEJhY2tlbmQiLCJfYXV0aF91c2VyX2hhc2giOiI0YTc5ODIwYzVlNzllZGQ0Y2U4ZDgxNjVlNThlYTdhNzZkMWE4NDY2In0=','2020-06-27 14:26:08.728965'),
	('wbesdban1hn29amphnzt3jszpuylxtd6','OWVlMmI0YzY5ODI5ZjFkZmM0ZDA0OTcyNDRlNzlmNGU5Nzk3ZTU2MDp7Il9hdXRoX3VzZXJfaWQiOiIxIiwiX2F1dGhfdXNlcl9iYWNrZW5kIjoiZGphbmdvLmNvbnRyaWIuYXV0aC5iYWNrZW5kcy5Nb2RlbEJhY2tlbmQiLCJfYXV0aF91c2VyX2hhc2giOiI0YTc5ODIwYzVlNzllZGQ0Y2U4ZDgxNjVlNThlYTdhNzZkMWE4NDY2In0=','2020-06-25 02:31:12.478466'),
	('wdxh4pcppjm5jfkjdehydq21ylwj5b3c','OWVlMmI0YzY5ODI5ZjFkZmM0ZDA0OTcyNDRlNzlmNGU5Nzk3ZTU2MDp7Il9hdXRoX3VzZXJfaWQiOiIxIiwiX2F1dGhfdXNlcl9iYWNrZW5kIjoiZGphbmdvLmNvbnRyaWIuYXV0aC5iYWNrZW5kcy5Nb2RlbEJhY2tlbmQiLCJfYXV0aF91c2VyX2hhc2giOiI0YTc5ODIwYzVlNzllZGQ0Y2U4ZDgxNjVlNThlYTdhNzZkMWE4NDY2In0=','2020-06-21 10:02:43.454638'),
	('wjylsuw455bze5mma05b3jlhksv72ucv','OWVlMmI0YzY5ODI5ZjFkZmM0ZDA0OTcyNDRlNzlmNGU5Nzk3ZTU2MDp7Il9hdXRoX3VzZXJfaWQiOiIxIiwiX2F1dGhfdXNlcl9iYWNrZW5kIjoiZGphbmdvLmNvbnRyaWIuYXV0aC5iYWNrZW5kcy5Nb2RlbEJhY2tlbmQiLCJfYXV0aF91c2VyX2hhc2giOiI0YTc5ODIwYzVlNzllZGQ0Y2U4ZDgxNjVlNThlYTdhNzZkMWE4NDY2In0=','2020-06-25 10:20:41.925412'),
	('wkq044eo4zi4fkp9o3epo4wta2ldu8r9','OWVlMmI0YzY5ODI5ZjFkZmM0ZDA0OTcyNDRlNzlmNGU5Nzk3ZTU2MDp7Il9hdXRoX3VzZXJfaWQiOiIxIiwiX2F1dGhfdXNlcl9iYWNrZW5kIjoiZGphbmdvLmNvbnRyaWIuYXV0aC5iYWNrZW5kcy5Nb2RlbEJhY2tlbmQiLCJfYXV0aF91c2VyX2hhc2giOiI0YTc5ODIwYzVlNzllZGQ0Y2U4ZDgxNjVlNThlYTdhNzZkMWE4NDY2In0=','2020-06-21 10:29:09.249806'),
	('wn8fzzu1gv1na2nf02q055fk3fdz0ouj','OWVlMmI0YzY5ODI5ZjFkZmM0ZDA0OTcyNDRlNzlmNGU5Nzk3ZTU2MDp7Il9hdXRoX3VzZXJfaWQiOiIxIiwiX2F1dGhfdXNlcl9iYWNrZW5kIjoiZGphbmdvLmNvbnRyaWIuYXV0aC5iYWNrZW5kcy5Nb2RlbEJhY2tlbmQiLCJfYXV0aF91c2VyX2hhc2giOiI0YTc5ODIwYzVlNzllZGQ0Y2U4ZDgxNjVlNThlYTdhNzZkMWE4NDY2In0=','2020-06-25 09:15:45.581682'),
	('woro4m9ve2imu5s1yxb661fhno9krxyg','OWVlMmI0YzY5ODI5ZjFkZmM0ZDA0OTcyNDRlNzlmNGU5Nzk3ZTU2MDp7Il9hdXRoX3VzZXJfaWQiOiIxIiwiX2F1dGhfdXNlcl9iYWNrZW5kIjoiZGphbmdvLmNvbnRyaWIuYXV0aC5iYWNrZW5kcy5Nb2RlbEJhY2tlbmQiLCJfYXV0aF91c2VyX2hhc2giOiI0YTc5ODIwYzVlNzllZGQ0Y2U4ZDgxNjVlNThlYTdhNzZkMWE4NDY2In0=','2020-06-27 10:49:09.836516'),
	('wr08qioltwra5acmdysqprd5bn0de3s0','OWVlMmI0YzY5ODI5ZjFkZmM0ZDA0OTcyNDRlNzlmNGU5Nzk3ZTU2MDp7Il9hdXRoX3VzZXJfaWQiOiIxIiwiX2F1dGhfdXNlcl9iYWNrZW5kIjoiZGphbmdvLmNvbnRyaWIuYXV0aC5iYWNrZW5kcy5Nb2RlbEJhY2tlbmQiLCJfYXV0aF91c2VyX2hhc2giOiI0YTc5ODIwYzVlNzllZGQ0Y2U4ZDgxNjVlNThlYTdhNzZkMWE4NDY2In0=','2020-06-27 14:11:45.035487'),
	('wv1g2xxkzye25r79sztmtbj2bancxt6u','OWVlMmI0YzY5ODI5ZjFkZmM0ZDA0OTcyNDRlNzlmNGU5Nzk3ZTU2MDp7Il9hdXRoX3VzZXJfaWQiOiIxIiwiX2F1dGhfdXNlcl9iYWNrZW5kIjoiZGphbmdvLmNvbnRyaWIuYXV0aC5iYWNrZW5kcy5Nb2RlbEJhY2tlbmQiLCJfYXV0aF91c2VyX2hhc2giOiI0YTc5ODIwYzVlNzllZGQ0Y2U4ZDgxNjVlNThlYTdhNzZkMWE4NDY2In0=','2020-07-11 06:32:50.097622'),
	('xb8bq3xdnbusyrpjbkw99epbe5qyrnl2','OWVlMmI0YzY5ODI5ZjFkZmM0ZDA0OTcyNDRlNzlmNGU5Nzk3ZTU2MDp7Il9hdXRoX3VzZXJfaWQiOiIxIiwiX2F1dGhfdXNlcl9iYWNrZW5kIjoiZGphbmdvLmNvbnRyaWIuYXV0aC5iYWNrZW5kcy5Nb2RlbEJhY2tlbmQiLCJfYXV0aF91c2VyX2hhc2giOiI0YTc5ODIwYzVlNzllZGQ0Y2U4ZDgxNjVlNThlYTdhNzZkMWE4NDY2In0=','2020-07-11 06:07:57.976560'),
	('xfgkyexaf5roq0d2h382sxx67g60ffzh','OWVlMmI0YzY5ODI5ZjFkZmM0ZDA0OTcyNDRlNzlmNGU5Nzk3ZTU2MDp7Il9hdXRoX3VzZXJfaWQiOiIxIiwiX2F1dGhfdXNlcl9iYWNrZW5kIjoiZGphbmdvLmNvbnRyaWIuYXV0aC5iYWNrZW5kcy5Nb2RlbEJhY2tlbmQiLCJfYXV0aF91c2VyX2hhc2giOiI0YTc5ODIwYzVlNzllZGQ0Y2U4ZDgxNjVlNThlYTdhNzZkMWE4NDY2In0=','2020-07-09 07:23:17.814798'),
	('xk20zt5tvxckskgmivqi80hjw5yu58x3','OWVlMmI0YzY5ODI5ZjFkZmM0ZDA0OTcyNDRlNzlmNGU5Nzk3ZTU2MDp7Il9hdXRoX3VzZXJfaWQiOiIxIiwiX2F1dGhfdXNlcl9iYWNrZW5kIjoiZGphbmdvLmNvbnRyaWIuYXV0aC5iYWNrZW5kcy5Nb2RlbEJhY2tlbmQiLCJfYXV0aF91c2VyX2hhc2giOiI0YTc5ODIwYzVlNzllZGQ0Y2U4ZDgxNjVlNThlYTdhNzZkMWE4NDY2In0=','2020-06-25 10:16:45.519280'),
	('xlhzbsvi0yh4z6joqkcoj2yrl2tacwlg','OWVlMmI0YzY5ODI5ZjFkZmM0ZDA0OTcyNDRlNzlmNGU5Nzk3ZTU2MDp7Il9hdXRoX3VzZXJfaWQiOiIxIiwiX2F1dGhfdXNlcl9iYWNrZW5kIjoiZGphbmdvLmNvbnRyaWIuYXV0aC5iYWNrZW5kcy5Nb2RlbEJhY2tlbmQiLCJfYXV0aF91c2VyX2hhc2giOiI0YTc5ODIwYzVlNzllZGQ0Y2U4ZDgxNjVlNThlYTdhNzZkMWE4NDY2In0=','2020-07-11 03:28:29.786606'),
	('xmdq930o7omft2ux30jt2lv6dxm09695','OWVlMmI0YzY5ODI5ZjFkZmM0ZDA0OTcyNDRlNzlmNGU5Nzk3ZTU2MDp7Il9hdXRoX3VzZXJfaWQiOiIxIiwiX2F1dGhfdXNlcl9iYWNrZW5kIjoiZGphbmdvLmNvbnRyaWIuYXV0aC5iYWNrZW5kcy5Nb2RlbEJhY2tlbmQiLCJfYXV0aF91c2VyX2hhc2giOiI0YTc5ODIwYzVlNzllZGQ0Y2U4ZDgxNjVlNThlYTdhNzZkMWE4NDY2In0=','2020-06-27 07:18:46.492442'),
	('xnimzkf6fzewf558tddwpjggmui13muc','OWVlMmI0YzY5ODI5ZjFkZmM0ZDA0OTcyNDRlNzlmNGU5Nzk3ZTU2MDp7Il9hdXRoX3VzZXJfaWQiOiIxIiwiX2F1dGhfdXNlcl9iYWNrZW5kIjoiZGphbmdvLmNvbnRyaWIuYXV0aC5iYWNrZW5kcy5Nb2RlbEJhY2tlbmQiLCJfYXV0aF91c2VyX2hhc2giOiI0YTc5ODIwYzVlNzllZGQ0Y2U4ZDgxNjVlNThlYTdhNzZkMWE4NDY2In0=','2020-06-27 14:50:32.967341'),
	('xrkwgtqjylt9t9w9qbcjw8badqu4mo6n','OWVlMmI0YzY5ODI5ZjFkZmM0ZDA0OTcyNDRlNzlmNGU5Nzk3ZTU2MDp7Il9hdXRoX3VzZXJfaWQiOiIxIiwiX2F1dGhfdXNlcl9iYWNrZW5kIjoiZGphbmdvLmNvbnRyaWIuYXV0aC5iYWNrZW5kcy5Nb2RlbEJhY2tlbmQiLCJfYXV0aF91c2VyX2hhc2giOiI0YTc5ODIwYzVlNzllZGQ0Y2U4ZDgxNjVlNThlYTdhNzZkMWE4NDY2In0=','2020-06-22 08:09:35.693504'),
	('xua3q3ctxmh2zgvomwdfjjw478bq4b8m','OWVlMmI0YzY5ODI5ZjFkZmM0ZDA0OTcyNDRlNzlmNGU5Nzk3ZTU2MDp7Il9hdXRoX3VzZXJfaWQiOiIxIiwiX2F1dGhfdXNlcl9iYWNrZW5kIjoiZGphbmdvLmNvbnRyaWIuYXV0aC5iYWNrZW5kcy5Nb2RlbEJhY2tlbmQiLCJfYXV0aF91c2VyX2hhc2giOiI0YTc5ODIwYzVlNzllZGQ0Y2U4ZDgxNjVlNThlYTdhNzZkMWE4NDY2In0=','2020-07-11 06:08:43.746543'),
	('xxfft49e2sipy6766cq3dlx9t7xzjrxk','OWVlMmI0YzY5ODI5ZjFkZmM0ZDA0OTcyNDRlNzlmNGU5Nzk3ZTU2MDp7Il9hdXRoX3VzZXJfaWQiOiIxIiwiX2F1dGhfdXNlcl9iYWNrZW5kIjoiZGphbmdvLmNvbnRyaWIuYXV0aC5iYWNrZW5kcy5Nb2RlbEJhY2tlbmQiLCJfYXV0aF91c2VyX2hhc2giOiI0YTc5ODIwYzVlNzllZGQ0Y2U4ZDgxNjVlNThlYTdhNzZkMWE4NDY2In0=','2020-06-27 06:16:39.502208'),
	('y2iioz08ke0lpgh5xxxx5ypxlh3l2ycm','MmYyMDM3YzFkMjI2Yzk1MTEyYzhlNTg1Yjc1MDRhODdiMzljOTkwMDp7Il9hdXRoX3VzZXJfaWQiOiIyIiwiX2F1dGhfdXNlcl9iYWNrZW5kIjoiZGphbmdvLmNvbnRyaWIuYXV0aC5iYWNrZW5kcy5Nb2RlbEJhY2tlbmQiLCJfYXV0aF91c2VyX2hhc2giOiJjZTM1OWZiOTMxYTRjMGVkZWY1MmJjZmQ0NmE5MWY3OTg3ZWNiZjMxIn0=','2020-07-01 10:09:59.863377'),
	('y36jn8m0o82wximihzp4h66ej990r207','OWVlMmI0YzY5ODI5ZjFkZmM0ZDA0OTcyNDRlNzlmNGU5Nzk3ZTU2MDp7Il9hdXRoX3VzZXJfaWQiOiIxIiwiX2F1dGhfdXNlcl9iYWNrZW5kIjoiZGphbmdvLmNvbnRyaWIuYXV0aC5iYWNrZW5kcy5Nb2RlbEJhY2tlbmQiLCJfYXV0aF91c2VyX2hhc2giOiI0YTc5ODIwYzVlNzllZGQ0Y2U4ZDgxNjVlNThlYTdhNzZkMWE4NDY2In0=','2020-06-25 08:23:44.068058'),
	('y4vtszp3mlu49a51npgd5k9coem4ro07','OWVlMmI0YzY5ODI5ZjFkZmM0ZDA0OTcyNDRlNzlmNGU5Nzk3ZTU2MDp7Il9hdXRoX3VzZXJfaWQiOiIxIiwiX2F1dGhfdXNlcl9iYWNrZW5kIjoiZGphbmdvLmNvbnRyaWIuYXV0aC5iYWNrZW5kcy5Nb2RlbEJhY2tlbmQiLCJfYXV0aF91c2VyX2hhc2giOiI0YTc5ODIwYzVlNzllZGQ0Y2U4ZDgxNjVlNThlYTdhNzZkMWE4NDY2In0=','2020-07-11 06:07:36.264862'),
	('y6cfgyno721g7oyx3vvs3cx7m4revrof','OWVlMmI0YzY5ODI5ZjFkZmM0ZDA0OTcyNDRlNzlmNGU5Nzk3ZTU2MDp7Il9hdXRoX3VzZXJfaWQiOiIxIiwiX2F1dGhfdXNlcl9iYWNrZW5kIjoiZGphbmdvLmNvbnRyaWIuYXV0aC5iYWNrZW5kcy5Nb2RlbEJhY2tlbmQiLCJfYXV0aF91c2VyX2hhc2giOiI0YTc5ODIwYzVlNzllZGQ0Y2U4ZDgxNjVlNThlYTdhNzZkMWE4NDY2In0=','2020-07-11 06:11:18.885026'),
	('y6smt18fihprx3gjaql7u65nmwhuzdup','OWVlMmI0YzY5ODI5ZjFkZmM0ZDA0OTcyNDRlNzlmNGU5Nzk3ZTU2MDp7Il9hdXRoX3VzZXJfaWQiOiIxIiwiX2F1dGhfdXNlcl9iYWNrZW5kIjoiZGphbmdvLmNvbnRyaWIuYXV0aC5iYWNrZW5kcy5Nb2RlbEJhY2tlbmQiLCJfYXV0aF91c2VyX2hhc2giOiI0YTc5ODIwYzVlNzllZGQ0Y2U4ZDgxNjVlNThlYTdhNzZkMWE4NDY2In0=','2020-06-27 10:04:37.321759'),
	('yc6m13v6pv5q56rv0nxnthyrfisn66pb','OWVlMmI0YzY5ODI5ZjFkZmM0ZDA0OTcyNDRlNzlmNGU5Nzk3ZTU2MDp7Il9hdXRoX3VzZXJfaWQiOiIxIiwiX2F1dGhfdXNlcl9iYWNrZW5kIjoiZGphbmdvLmNvbnRyaWIuYXV0aC5iYWNrZW5kcy5Nb2RlbEJhY2tlbmQiLCJfYXV0aF91c2VyX2hhc2giOiI0YTc5ODIwYzVlNzllZGQ0Y2U4ZDgxNjVlNThlYTdhNzZkMWE4NDY2In0=','2020-06-21 07:23:19.260999'),
	('ydtohax4sdhvcjiokaw1slldykrzyxch','OWVlMmI0YzY5ODI5ZjFkZmM0ZDA0OTcyNDRlNzlmNGU5Nzk3ZTU2MDp7Il9hdXRoX3VzZXJfaWQiOiIxIiwiX2F1dGhfdXNlcl9iYWNrZW5kIjoiZGphbmdvLmNvbnRyaWIuYXV0aC5iYWNrZW5kcy5Nb2RlbEJhY2tlbmQiLCJfYXV0aF91c2VyX2hhc2giOiI0YTc5ODIwYzVlNzllZGQ0Y2U4ZDgxNjVlNThlYTdhNzZkMWE4NDY2In0=','2020-06-27 08:12:00.621747'),
	('yg2je83f27a2l3p807sb96z5h3ev0vgj','OWVlMmI0YzY5ODI5ZjFkZmM0ZDA0OTcyNDRlNzlmNGU5Nzk3ZTU2MDp7Il9hdXRoX3VzZXJfaWQiOiIxIiwiX2F1dGhfdXNlcl9iYWNrZW5kIjoiZGphbmdvLmNvbnRyaWIuYXV0aC5iYWNrZW5kcy5Nb2RlbEJhY2tlbmQiLCJfYXV0aF91c2VyX2hhc2giOiI0YTc5ODIwYzVlNzllZGQ0Y2U4ZDgxNjVlNThlYTdhNzZkMWE4NDY2In0=','2020-06-24 04:13:19.897387'),
	('yi6ja3cnsdmugebov0eldw4irvpckbwb','OWVlMmI0YzY5ODI5ZjFkZmM0ZDA0OTcyNDRlNzlmNGU5Nzk3ZTU2MDp7Il9hdXRoX3VzZXJfaWQiOiIxIiwiX2F1dGhfdXNlcl9iYWNrZW5kIjoiZGphbmdvLmNvbnRyaWIuYXV0aC5iYWNrZW5kcy5Nb2RlbEJhY2tlbmQiLCJfYXV0aF91c2VyX2hhc2giOiI0YTc5ODIwYzVlNzllZGQ0Y2U4ZDgxNjVlNThlYTdhNzZkMWE4NDY2In0=','2020-06-27 05:51:46.082617'),
	('yo5ooowfjq5aspcodamce4nrui1ouf44','OWVlMmI0YzY5ODI5ZjFkZmM0ZDA0OTcyNDRlNzlmNGU5Nzk3ZTU2MDp7Il9hdXRoX3VzZXJfaWQiOiIxIiwiX2F1dGhfdXNlcl9iYWNrZW5kIjoiZGphbmdvLmNvbnRyaWIuYXV0aC5iYWNrZW5kcy5Nb2RlbEJhY2tlbmQiLCJfYXV0aF91c2VyX2hhc2giOiI0YTc5ODIwYzVlNzllZGQ0Y2U4ZDgxNjVlNThlYTdhNzZkMWE4NDY2In0=','2020-06-21 09:44:10.766741'),
	('yp4ze1fmbagblp29dx6ukxj6q7ko6mxk','OWVlMmI0YzY5ODI5ZjFkZmM0ZDA0OTcyNDRlNzlmNGU5Nzk3ZTU2MDp7Il9hdXRoX3VzZXJfaWQiOiIxIiwiX2F1dGhfdXNlcl9iYWNrZW5kIjoiZGphbmdvLmNvbnRyaWIuYXV0aC5iYWNrZW5kcy5Nb2RlbEJhY2tlbmQiLCJfYXV0aF91c2VyX2hhc2giOiI0YTc5ODIwYzVlNzllZGQ0Y2U4ZDgxNjVlNThlYTdhNzZkMWE4NDY2In0=','2020-06-27 10:16:59.224054'),
	('ypegavv4wkzn4em6sqnh6upct12nou2u','OWVlMmI0YzY5ODI5ZjFkZmM0ZDA0OTcyNDRlNzlmNGU5Nzk3ZTU2MDp7Il9hdXRoX3VzZXJfaWQiOiIxIiwiX2F1dGhfdXNlcl9iYWNrZW5kIjoiZGphbmdvLmNvbnRyaWIuYXV0aC5iYWNrZW5kcy5Nb2RlbEJhY2tlbmQiLCJfYXV0aF91c2VyX2hhc2giOiI0YTc5ODIwYzVlNzllZGQ0Y2U4ZDgxNjVlNThlYTdhNzZkMWE4NDY2In0=','2020-06-27 09:46:06.747522'),
	('ytyl44hpx9s6le19xlzoxscxbkezr1ra','OWVlMmI0YzY5ODI5ZjFkZmM0ZDA0OTcyNDRlNzlmNGU5Nzk3ZTU2MDp7Il9hdXRoX3VzZXJfaWQiOiIxIiwiX2F1dGhfdXNlcl9iYWNrZW5kIjoiZGphbmdvLmNvbnRyaWIuYXV0aC5iYWNrZW5kcy5Nb2RlbEJhY2tlbmQiLCJfYXV0aF91c2VyX2hhc2giOiI0YTc5ODIwYzVlNzllZGQ0Y2U4ZDgxNjVlNThlYTdhNzZkMWE4NDY2In0=','2020-07-11 05:55:49.311089'),
	('yzhg9efrlivpwsmh9mxgsudxztzaimkw','OWVlMmI0YzY5ODI5ZjFkZmM0ZDA0OTcyNDRlNzlmNGU5Nzk3ZTU2MDp7Il9hdXRoX3VzZXJfaWQiOiIxIiwiX2F1dGhfdXNlcl9iYWNrZW5kIjoiZGphbmdvLmNvbnRyaWIuYXV0aC5iYWNrZW5kcy5Nb2RlbEJhY2tlbmQiLCJfYXV0aF91c2VyX2hhc2giOiI0YTc5ODIwYzVlNzllZGQ0Y2U4ZDgxNjVlNThlYTdhNzZkMWE4NDY2In0=','2020-06-27 14:43:55.084029'),
	('z69eqexy5xdra25lr78sjzx17klfvtk4','OWVlMmI0YzY5ODI5ZjFkZmM0ZDA0OTcyNDRlNzlmNGU5Nzk3ZTU2MDp7Il9hdXRoX3VzZXJfaWQiOiIxIiwiX2F1dGhfdXNlcl9iYWNrZW5kIjoiZGphbmdvLmNvbnRyaWIuYXV0aC5iYWNrZW5kcy5Nb2RlbEJhY2tlbmQiLCJfYXV0aF91c2VyX2hhc2giOiI0YTc5ODIwYzVlNzllZGQ0Y2U4ZDgxNjVlNThlYTdhNzZkMWE4NDY2In0=','2020-06-23 10:35:52.506892'),
	('z6oz8no90d6kemlnbffu7tfpomvxt11q','OWVlMmI0YzY5ODI5ZjFkZmM0ZDA0OTcyNDRlNzlmNGU5Nzk3ZTU2MDp7Il9hdXRoX3VzZXJfaWQiOiIxIiwiX2F1dGhfdXNlcl9iYWNrZW5kIjoiZGphbmdvLmNvbnRyaWIuYXV0aC5iYWNrZW5kcy5Nb2RlbEJhY2tlbmQiLCJfYXV0aF91c2VyX2hhc2giOiI0YTc5ODIwYzVlNzllZGQ0Y2U4ZDgxNjVlNThlYTdhNzZkMWE4NDY2In0=','2020-07-11 04:50:44.566310'),
	('z7fpbqc0l8r0wxxmjcy8x64jidnxsygh','OWVlMmI0YzY5ODI5ZjFkZmM0ZDA0OTcyNDRlNzlmNGU5Nzk3ZTU2MDp7Il9hdXRoX3VzZXJfaWQiOiIxIiwiX2F1dGhfdXNlcl9iYWNrZW5kIjoiZGphbmdvLmNvbnRyaWIuYXV0aC5iYWNrZW5kcy5Nb2RlbEJhY2tlbmQiLCJfYXV0aF91c2VyX2hhc2giOiI0YTc5ODIwYzVlNzllZGQ0Y2U4ZDgxNjVlNThlYTdhNzZkMWE4NDY2In0=','2020-06-24 04:14:08.362897'),
	('z9qqmkmq2g052le7jdz6abww6qfgvv2p','MDI5YTg3Yzc4OTk0MmYwYjgwNGVhYTA2NWY3OGM3M2RlZmY1ZjM0NDp7Il9hdXRoX3VzZXJfaWQiOiIyIiwiX2F1dGhfdXNlcl9iYWNrZW5kIjoiZGphbmdvLmNvbnRyaWIuYXV0aC5iYWNrZW5kcy5Nb2RlbEJhY2tlbmQiLCJfYXV0aF91c2VyX2hhc2giOiI4ODNjNjhjODUzMzRlNjExMTc5MTMyZjhkY2Y4MzQ2MDVlZmY0N2MxIn0=','2020-06-21 08:27:31.902075'),
	('zbpmapqi3j1vzgre0f339sh31lr2fkbq','OWVlMmI0YzY5ODI5ZjFkZmM0ZDA0OTcyNDRlNzlmNGU5Nzk3ZTU2MDp7Il9hdXRoX3VzZXJfaWQiOiIxIiwiX2F1dGhfdXNlcl9iYWNrZW5kIjoiZGphbmdvLmNvbnRyaWIuYXV0aC5iYWNrZW5kcy5Nb2RlbEJhY2tlbmQiLCJfYXV0aF91c2VyX2hhc2giOiI0YTc5ODIwYzVlNzllZGQ0Y2U4ZDgxNjVlNThlYTdhNzZkMWE4NDY2In0=','2020-06-25 10:26:06.223973'),
	('zby7ft05v5jg7udfkaw86mjzawr7f2qm','OWVlMmI0YzY5ODI5ZjFkZmM0ZDA0OTcyNDRlNzlmNGU5Nzk3ZTU2MDp7Il9hdXRoX3VzZXJfaWQiOiIxIiwiX2F1dGhfdXNlcl9iYWNrZW5kIjoiZGphbmdvLmNvbnRyaWIuYXV0aC5iYWNrZW5kcy5Nb2RlbEJhY2tlbmQiLCJfYXV0aF91c2VyX2hhc2giOiI0YTc5ODIwYzVlNzllZGQ0Y2U4ZDgxNjVlNThlYTdhNzZkMWE4NDY2In0=','2020-06-23 10:16:57.532075'),
	('zcj823yh4fpztvl4um4ndjdkz6u55hzz','OWVlMmI0YzY5ODI5ZjFkZmM0ZDA0OTcyNDRlNzlmNGU5Nzk3ZTU2MDp7Il9hdXRoX3VzZXJfaWQiOiIxIiwiX2F1dGhfdXNlcl9iYWNrZW5kIjoiZGphbmdvLmNvbnRyaWIuYXV0aC5iYWNrZW5kcy5Nb2RlbEJhY2tlbmQiLCJfYXV0aF91c2VyX2hhc2giOiI0YTc5ODIwYzVlNzllZGQ0Y2U4ZDgxNjVlNThlYTdhNzZkMWE4NDY2In0=','2020-06-30 06:11:54.874002'),
	('zdjl1emjymirt5be7vvzntg4klgiaxw3','OWVlMmI0YzY5ODI5ZjFkZmM0ZDA0OTcyNDRlNzlmNGU5Nzk3ZTU2MDp7Il9hdXRoX3VzZXJfaWQiOiIxIiwiX2F1dGhfdXNlcl9iYWNrZW5kIjoiZGphbmdvLmNvbnRyaWIuYXV0aC5iYWNrZW5kcy5Nb2RlbEJhY2tlbmQiLCJfYXV0aF91c2VyX2hhc2giOiI0YTc5ODIwYzVlNzllZGQ0Y2U4ZDgxNjVlNThlYTdhNzZkMWE4NDY2In0=','2020-06-30 06:17:43.805819'),
	('zjmozqbfd8f9h6xg4qpkq0hqgzt818mb','OWVlMmI0YzY5ODI5ZjFkZmM0ZDA0OTcyNDRlNzlmNGU5Nzk3ZTU2MDp7Il9hdXRoX3VzZXJfaWQiOiIxIiwiX2F1dGhfdXNlcl9iYWNrZW5kIjoiZGphbmdvLmNvbnRyaWIuYXV0aC5iYWNrZW5kcy5Nb2RlbEJhY2tlbmQiLCJfYXV0aF91c2VyX2hhc2giOiI0YTc5ODIwYzVlNzllZGQ0Y2U4ZDgxNjVlNThlYTdhNzZkMWE4NDY2In0=','2020-06-27 14:20:54.993872'),
	('zk59gsvkqn7rkkg1090az4rfw9bqrl91','OWVlMmI0YzY5ODI5ZjFkZmM0ZDA0OTcyNDRlNzlmNGU5Nzk3ZTU2MDp7Il9hdXRoX3VzZXJfaWQiOiIxIiwiX2F1dGhfdXNlcl9iYWNrZW5kIjoiZGphbmdvLmNvbnRyaWIuYXV0aC5iYWNrZW5kcy5Nb2RlbEJhY2tlbmQiLCJfYXV0aF91c2VyX2hhc2giOiI0YTc5ODIwYzVlNzllZGQ0Y2U4ZDgxNjVlNThlYTdhNzZkMWE4NDY2In0=','2020-06-27 14:31:55.604317'),
	('zo4iq8yffqx789xyq15a44hhz7dphdr9','OWVlMmI0YzY5ODI5ZjFkZmM0ZDA0OTcyNDRlNzlmNGU5Nzk3ZTU2MDp7Il9hdXRoX3VzZXJfaWQiOiIxIiwiX2F1dGhfdXNlcl9iYWNrZW5kIjoiZGphbmdvLmNvbnRyaWIuYXV0aC5iYWNrZW5kcy5Nb2RlbEJhY2tlbmQiLCJfYXV0aF91c2VyX2hhc2giOiI0YTc5ODIwYzVlNzllZGQ0Y2U4ZDgxNjVlNThlYTdhNzZkMWE4NDY2In0=','2020-06-27 10:07:39.194957'),
	('zot1f4rjjbs99wvfowi6f8cm327wy5qp','OWVlMmI0YzY5ODI5ZjFkZmM0ZDA0OTcyNDRlNzlmNGU5Nzk3ZTU2MDp7Il9hdXRoX3VzZXJfaWQiOiIxIiwiX2F1dGhfdXNlcl9iYWNrZW5kIjoiZGphbmdvLmNvbnRyaWIuYXV0aC5iYWNrZW5kcy5Nb2RlbEJhY2tlbmQiLCJfYXV0aF91c2VyX2hhc2giOiI0YTc5ODIwYzVlNzllZGQ0Y2U4ZDgxNjVlNThlYTdhNzZkMWE4NDY2In0=','2020-06-27 07:12:59.197504'),
	('zptw2uw7hzea5l1yye9vourvpfmfk41x','OWVlMmI0YzY5ODI5ZjFkZmM0ZDA0OTcyNDRlNzlmNGU5Nzk3ZTU2MDp7Il9hdXRoX3VzZXJfaWQiOiIxIiwiX2F1dGhfdXNlcl9iYWNrZW5kIjoiZGphbmdvLmNvbnRyaWIuYXV0aC5iYWNrZW5kcy5Nb2RlbEJhY2tlbmQiLCJfYXV0aF91c2VyX2hhc2giOiI0YTc5ODIwYzVlNzllZGQ0Y2U4ZDgxNjVlNThlYTdhNzZkMWE4NDY2In0=','2020-06-25 08:28:07.267176'),
	('zrzb7t9ljrq4bq8qzmszs1p6hr5xrl39','OWVlMmI0YzY5ODI5ZjFkZmM0ZDA0OTcyNDRlNzlmNGU5Nzk3ZTU2MDp7Il9hdXRoX3VzZXJfaWQiOiIxIiwiX2F1dGhfdXNlcl9iYWNrZW5kIjoiZGphbmdvLmNvbnRyaWIuYXV0aC5iYWNrZW5kcy5Nb2RlbEJhY2tlbmQiLCJfYXV0aF91c2VyX2hhc2giOiI0YTc5ODIwYzVlNzllZGQ0Y2U4ZDgxNjVlNThlYTdhNzZkMWE4NDY2In0=','2020-06-25 09:16:38.736713'),
	('zyqcqexsw7htju94yqbpswvcg1sex9c4','MmYyMDM3YzFkMjI2Yzk1MTEyYzhlNTg1Yjc1MDRhODdiMzljOTkwMDp7Il9hdXRoX3VzZXJfaWQiOiIyIiwiX2F1dGhfdXNlcl9iYWNrZW5kIjoiZGphbmdvLmNvbnRyaWIuYXV0aC5iYWNrZW5kcy5Nb2RlbEJhY2tlbmQiLCJfYXV0aF91c2VyX2hhc2giOiJjZTM1OWZiOTMxYTRjMGVkZWY1MmJjZmQ0NmE5MWY3OTg3ZWNiZjMxIn0=','2020-06-25 09:33:11.297027');

/*!40000 ALTER TABLE `django_session` ENABLE KEYS */;
UNLOCK TABLES;


# Dump of table server_inventory
# ------------------------------------------------------------

DROP TABLE IF EXISTS `server_inventory`;

CREATE TABLE `server_inventory` (
  `inventory_id` int(11) NOT NULL AUTO_INCREMENT,
  `unit_price` decimal(6,1) NOT NULL,
  `stock_in_qty` int(10) unsigned NOT NULL,
  `remark` longtext,
  `from_showcase_id` varchar(255) NOT NULL,
  `from_stock_id` int(11) NOT NULL,
  `owner_id` int(11) NOT NULL,
  `status` int(11) NOT NULL,
  PRIMARY KEY (`inventory_id`),
  UNIQUE KEY `unique_stock_per_showcase` (`from_stock_id`,`from_showcase_id`),
  KEY `server_inventory_from_showcase_id_e1e70ba7_fk_server_sh` (`from_showcase_id`),
  KEY `server_inventory_owner_id_f0529c0e_fk_server_tenant_tenant_id` (`owner_id`),
  CONSTRAINT `server_inventory_from_showcase_id_e1e70ba7_fk_server_sh` FOREIGN KEY (`from_showcase_id`) REFERENCES `server_showcase` (`showcase_id`),
  CONSTRAINT `server_inventory_from_stock_id_eb85d19a_fk_server_stock_stock_id` FOREIGN KEY (`from_stock_id`) REFERENCES `server_stock` (`stock_id`),
  CONSTRAINT `server_inventory_owner_id_f0529c0e_fk_server_tenant_tenant_id` FOREIGN KEY (`owner_id`) REFERENCES `server_tenant` (`tenant_id`)
) ENGINE=InnoDB DEFAULT CHARSET=utf8mb4;

LOCK TABLES `server_inventory` WRITE;
/*!40000 ALTER TABLE `server_inventory` DISABLE KEYS */;

INSERT INTO `server_inventory` (`inventory_id`, `unit_price`, `stock_in_qty`, `remark`, `from_showcase_id`, `from_stock_id`, `owner_id`, `status`)
VALUES
	(1,98.0,418,NULL,'KF001',1,2,2),
	(3,98.0,10,NULL,'KF002',1,2,2),
	(5,98.0,10,NULL,'MK1001',1,2,2),
	(6,15.0,10,NULL,'KF001',2,2,2),
	(7,95.0,340,'','KF001',6,2,2),
	(9,15.0,300,'Nice water','MK1009',7,2,2),
	(15,9000.0,1,'','KF001',4,2,2),
	(17,50.0,10,'','KF002',8,9,2),
	(19,20.0,6,NULL,'KF002',12,9,2);

/*!40000 ALTER TABLE `server_inventory` ENABLE KEYS */;
UNLOCK TABLES;


# Dump of table server_purchase
# ------------------------------------------------------------

DROP TABLE IF EXISTS `server_purchase`;

CREATE TABLE `server_purchase` (
  `quantity` int(10) unsigned NOT NULL,
  `amount` decimal(6,1) NOT NULL,
  `remark` longtext NOT NULL,
  `receipt_id` int(11) NOT NULL,
  `id` int(11) unsigned NOT NULL AUTO_INCREMENT,
  `inventory_id` int(11) NOT NULL,
  PRIMARY KEY (`id`),
  KEY `server_purchase_receipt_id_2326d1a5_fk_server_receipt_receipt_id` (`receipt_id`),
  KEY `server_purchase_inventory_id_fd5d2618_fk_server_in` (`inventory_id`),
  CONSTRAINT `server_purchase_inventory_id_fd5d2618_fk_server_in` FOREIGN KEY (`inventory_id`) REFERENCES `server_inventory` (`inventory_id`),
  CONSTRAINT `server_purchase_receipt_id_2326d1a5_fk_server_receipt_receipt_id` FOREIGN KEY (`receipt_id`) REFERENCES `server_receipt` (`id`)
) ENGINE=InnoDB DEFAULT CHARSET=utf8mb4;

LOCK TABLES `server_purchase` WRITE;
/*!40000 ALTER TABLE `server_purchase` DISABLE KEYS */;

INSERT INTO `server_purchase` (`quantity`, `amount`, `remark`, `receipt_id`, `id`, `inventory_id`)
VALUES
	(2,30.0,'',15,11,6),
	(3,294.0,'',15,12,1),
	(2,30.0,'',16,13,6),
	(3,294.0,'',16,14,1),
	(1,98.0,'',17,15,1),
	(2,98.0,'',23,21,1),
	(2,196.0,'',24,22,1),
	(1,98.0,'',25,23,1),
	(1,98.0,'',26,24,1),
	(1,98.0,'',27,25,1),
	(1,98.0,'',28,26,1),
	(0,0.0,'',30,28,1),
	(0,0.0,'',31,29,1),
	(1,98.0,'',59,155,1),
	(1,98.0,'',60,156,1),
	(2,196.0,'',61,157,1),
	(3,294.0,'',61,158,1),
	(1,98.0,'',62,159,1),
	(4,392.0,'',62,160,1),
	(66,6468.0,'',62,161,1),
	(1,98.0,'',63,162,1),
	(1,98.0,'',64,163,1),
	(2,196.0,'',64,164,1),
	(7,686.0,'',64,165,1),
	(1,98.0,'',65,166,1),
	(2,196.0,'',65,167,1),
	(7,686.0,'',65,168,1),
	(1,98.0,'',66,169,3),
	(1,98.0,'',67,170,1),
	(1,98.0,'',68,171,1),
	(1,98.0,'',69,172,1),
	(1,98.0,'',70,173,1),
	(1,98.0,'',71,174,1);

/*!40000 ALTER TABLE `server_purchase` ENABLE KEYS */;
UNLOCK TABLES;


# Dump of table server_receipt
# ------------------------------------------------------------

DROP TABLE IF EXISTS `server_receipt`;

CREATE TABLE `server_receipt` (
  `id` int(11) NOT NULL AUTO_INCREMENT,
  `grand_total` decimal(6,1) NOT NULL,
  `time` datetime(6) NOT NULL,
  `tender` decimal(6,1) NOT NULL,
  `discount` decimal(6,1) NOT NULL,
  `change` decimal(6,1) NOT NULL,
  `is_cancelled` tinyint(1) NOT NULL,
  `responsible_id` int(11) NOT NULL,
  PRIMARY KEY (`id`),
  KEY `server_receipt_responsible_id_3ba05a0b_fk_server_staff_staff_id` (`responsible_id`),
  CONSTRAINT `server_receipt_responsible_id_3ba05a0b_fk_server_staff_staff_id` FOREIGN KEY (`responsible_id`) REFERENCES `server_staff` (`staff_id`)
) ENGINE=InnoDB DEFAULT CHARSET=utf8mb4;

LOCK TABLES `server_receipt` WRITE;
/*!40000 ALTER TABLE `server_receipt` DISABLE KEYS */;

INSERT INTO `server_receipt` (`id`, `grand_total`, `time`, `tender`, `discount`, `change`, `is_cancelled`, `responsible_id`)
VALUES
	(15,304.0,'2020-06-11 06:20:33.338484',400.0,20.0,96.0,0,1),
	(16,304.0,'2020-06-11 06:39:37.048125',400.0,20.0,96.0,0,1),
	(17,98.0,'2020-06-11 06:59:33.426475',98.0,0.0,0.0,0,1),
	(23,196.0,'2020-06-11 07:09:41.301072',196.0,0.0,0.0,0,1),
	(24,0.0,'2020-06-11 07:49:40.001933',0.0,0.0,0.0,0,1),
	(25,98.0,'2020-06-11 08:35:48.367291',98.0,0.0,0.0,0,1),
	(26,98.0,'2020-06-11 08:37:41.550104',98.0,0.0,0.0,0,1),
	(27,98.0,'2020-06-11 08:38:32.622946',98.0,0.0,0.0,0,1),
	(28,98.0,'2020-06-11 10:22:21.157942',98.0,0.0,0.0,0,1),
	(30,-98.0,'2020-06-11 10:41:05.507919',0.0,0.0,98.0,0,1),
	(31,-98.0,'2020-06-11 10:41:31.138319',0.0,0.0,98.0,0,1),
	(59,98.0,'2020-06-12 06:06:56.463026',98.0,0.0,0.0,0,1),
	(60,98.0,'2020-06-12 06:15:38.809213',98.0,0.0,0.0,0,1),
	(61,490.0,'2020-06-12 06:19:30.536239',490.0,0.0,0.0,0,1),
	(62,6958.0,'2020-06-12 06:20:48.114654',6958.0,0.0,0.0,0,1),
	(63,98.0,'2020-06-12 06:48:29.291047',98.0,0.0,0.0,0,1),
	(64,980.0,'2020-06-13 05:38:59.819749',980.0,0.0,0.0,0,1),
	(65,980.0,'2020-06-13 05:39:04.424319',980.0,0.0,0.0,0,1),
	(66,98.0,'2020-06-13 05:44:11.017971',98.0,0.0,0.0,1,1),
	(67,98.0,'2020-06-13 06:20:07.078458',98.0,0.0,0.0,0,1),
	(68,88.0,'2020-06-13 06:20:49.473282',88.0,10.0,0.0,1,1),
	(69,98.0,'2020-06-13 07:02:12.747863',98.0,0.0,0.0,0,1),
	(70,98.0,'2020-06-13 07:06:17.891163',98.0,0.0,0.0,0,1),
	(71,98.0,'2020-06-20 09:02:21.181570',98.0,0.0,0.0,1,1);

/*!40000 ALTER TABLE `server_receipt` ENABLE KEYS */;
UNLOCK TABLES;


# Dump of table server_showcase
# ------------------------------------------------------------

DROP TABLE IF EXISTS `server_showcase`;

CREATE TABLE `server_showcase` (
  `showcase_id` varchar(255) NOT NULL,
  `showcase_type` varchar(255) NOT NULL,
  `rental_index` int(10) unsigned NOT NULL,
  `from_tenant_id` int(11) DEFAULT NULL,
  `store_id` varchar(255) NOT NULL,
  `current_rent` decimal(6,1) NOT NULL,
  PRIMARY KEY (`showcase_id`),
  KEY `server_showcase_from_tenant_id_94fd19db_fk_server_te` (`from_tenant_id`),
  KEY `server_showcase_store_id_1b703b10_fk_server_store_store_id` (`store_id`),
  CONSTRAINT `server_showcase_from_tenant_id_94fd19db_fk_server_te` FOREIGN KEY (`from_tenant_id`) REFERENCES `server_tenant` (`tenant_id`),
  CONSTRAINT `server_showcase_store_id_1b703b10_fk_server_store_store_id` FOREIGN KEY (`store_id`) REFERENCES `server_store` (`store_id`)
) ENGINE=InnoDB DEFAULT CHARSET=utf8mb4;

LOCK TABLES `server_showcase` WRITE;
/*!40000 ALTER TABLE `server_showcase` DISABLE KEYS */;

INSERT INTO `server_showcase` (`showcase_id`, `showcase_type`, `rental_index`, `from_tenant_id`, `store_id`, `current_rent`)
VALUES
	('CEN001','V',0,NULL,'CEN',600.0),
	('CEN002','V',0,NULL,'CEN',600.0),
	('CEN003','V',0,NULL,'CEN',600.0),
	('CEN004','V',0,NULL,'CEN',600.0),
	('CEN005','V',0,NULL,'CEN',600.0),
	('CEN006','V',0,NULL,'CEN',1000.0),
	('KF001','N',2,2,'KF',600.0),
	('KF002','N',1,9,'KF',600.0),
	('MK1001','V',0,NULL,'MK1',600.0),
	('MK1002','N',1,NULL,'MK1',600.0),
	('MK1003','V',0,NULL,'MK1',600.0),
	('MK1004','V',0,NULL,'MK1',600.0),
	('MK1005','V',0,NULL,'MK1',600.0),
	('MK1006','N',2,2,'MK1',600.0),
	('MK1007','N',1,NULL,'MK1',600.0),
	('MK1008','N',1,NULL,'MK1',600.0),
	('MK1009','N',1,NULL,'MK1',600.0),
	('MK1010','V',0,NULL,'MK1',100.0),
	('ST001','V',0,NULL,'ST',500.0);

/*!40000 ALTER TABLE `server_showcase` ENABLE KEYS */;
UNLOCK TABLES;


# Dump of table server_showcaserental
# ------------------------------------------------------------

DROP TABLE IF EXISTS `server_showcaserental`;

CREATE TABLE `server_showcaserental` (
  `id` int(11) NOT NULL AUTO_INCREMENT,
  `starting_date` date NOT NULL,
  `ending_date` date NOT NULL,
  `monthly_rent` decimal(6,1) NOT NULL,
  `remark` longtext,
  `showcase_type` varchar(255) NOT NULL,
  `name` varchar(255) NOT NULL,
  `showcase_id` varchar(255) NOT NULL,
  `tenant_id` int(11) DEFAULT NULL,
  `responsible_id` int(11) DEFAULT NULL,
  PRIMARY KEY (`id`),
  KEY `server_showcaserenta_showcase_id_c4160a8d_fk_server_sh` (`showcase_id`),
  KEY `server_showcaserenta_tenant_id_f8b69d99_fk_server_te` (`tenant_id`),
  KEY `server_showcaserental_responsible_id_72baf14f_fk_auth_user_id` (`responsible_id`),
  CONSTRAINT `server_showcaserenta_showcase_id_c4160a8d_fk_server_sh` FOREIGN KEY (`showcase_id`) REFERENCES `server_showcase` (`showcase_id`),
  CONSTRAINT `server_showcaserenta_tenant_id_f8b69d99_fk_server_te` FOREIGN KEY (`tenant_id`) REFERENCES `server_tenant` (`tenant_id`),
  CONSTRAINT `server_showcaserental_responsible_id_72baf14f_fk_auth_user_id` FOREIGN KEY (`responsible_id`) REFERENCES `auth_user` (`id`)
) ENGINE=InnoDB DEFAULT CHARSET=utf8mb4;

LOCK TABLES `server_showcaserental` WRITE;
/*!40000 ALTER TABLE `server_showcaserental` DISABLE KEYS */;

INSERT INTO `server_showcaserental` (`id`, `starting_date`, `ending_date`, `monthly_rent`, `remark`, `showcase_type`, `name`, `showcase_id`, `tenant_id`, `responsible_id`)
VALUES
	(1,'2020-06-01','2020-06-30',600.0,'','N','KF001-1','KF001',5,NULL),
	(2,'2020-06-01','2020-06-30',600.0,'','N','KF001-2','KF001',5,NULL),
	(3,'2020-06-10','2020-06-26',51.0,'fu 1','N','MK1007-1','MK1007',5,NULL),
	(4,'2020-06-10','2020-06-18',64.0,'4 time','N','MK1008-1','MK1008',5,NULL),
	(5,'2020-06-11','2020-07-01',500.0,'','N','MK1002-1','MK1002',4,NULL),
	(13,'2020-06-13','2020-06-30',200.0,'','N','MK1009-1','MK1009',5,NULL),
	(14,'2020-06-25','2020-08-02',800.0,'','N','KF002-1','KF002',9,NULL),
	(15,'2020-06-06','2020-05-01',500.0,'','N','MK1006-1','MK1006',2,NULL),
	(16,'2020-06-01','2020-07-01',500.0,'','N','MK1006-2','MK1006',2,NULL);

/*!40000 ALTER TABLE `server_showcaserental` ENABLE KEYS */;
UNLOCK TABLES;


# Dump of table server_staff
# ------------------------------------------------------------

DROP TABLE IF EXISTS `server_staff`;

CREATE TABLE `server_staff` (
  `staff_id` int(11) NOT NULL,
  `staff_name` varchar(255) NOT NULL,
  `is_active` tinyint(1) NOT NULL,
  `current_salary` decimal(6,1) NOT NULL,
  `date_joined` date NOT NULL,
  `staff_type` varchar(255) NOT NULL,
  `store_id` varchar(255) DEFAULT NULL,
  `user_id` int(11) NOT NULL,
  PRIMARY KEY (`staff_id`),
  UNIQUE KEY `user_id` (`user_id`),
  KEY `server_staff_store_id_e199483e_fk_server_store_store_id` (`store_id`),
  CONSTRAINT `server_staff_store_id_e199483e_fk_server_store_store_id` FOREIGN KEY (`store_id`) REFERENCES `server_store` (`store_id`),
  CONSTRAINT `server_staff_user_id_25470822_fk_auth_user_id` FOREIGN KEY (`user_id`) REFERENCES `auth_user` (`id`)
) ENGINE=InnoDB DEFAULT CHARSET=utf8mb4;

LOCK TABLES `server_staff` WRITE;
/*!40000 ALTER TABLE `server_staff` DISABLE KEYS */;

INSERT INTO `server_staff` (`staff_id`, `staff_name`, `is_active`, `current_salary`, `date_joined`, `staff_type`, `store_id`, `user_id`)
VALUES
	(1,'Robert',1,20000.0,'2020-06-01','D',NULL,1),
	(3,'Tom Lee',1,18000.0,'2020-06-08','STM',NULL,3),
	(8,'Ada Yuen',1,40000.0,'2020-06-13','STM',NULL,8);

/*!40000 ALTER TABLE `server_staff` ENABLE KEYS */;
UNLOCK TABLES;


# Dump of table server_stock
# ------------------------------------------------------------

DROP TABLE IF EXISTS `server_stock`;

CREATE TABLE `server_stock` (
  `stock_id` int(11) NOT NULL AUTO_INCREMENT,
  `name` varchar(255) NOT NULL,
  `description` longtext NOT NULL,
  PRIMARY KEY (`stock_id`)
) ENGINE=InnoDB DEFAULT CHARSET=utf8mb4;

LOCK TABLES `server_stock` WRITE;
/*!40000 ALTER TABLE `server_stock` DISABLE KEYS */;

INSERT INTO `server_stock` (`stock_id`, `name`, `description`)
VALUES
	(1,'Doraemon','1:49 Doraemon Figure'),
	(2,'Necklace','White necklace'),
	(3,'Water bottle','500mL water bottle'),
	(4,'iMac Computer',''),
	(5,'Water agent',''),
	(6,'Water',''),
	(7,'Calculator',''),
	(8,'Toy car',''),
	(12,'ruler','');

/*!40000 ALTER TABLE `server_stock` ENABLE KEYS */;
UNLOCK TABLES;


# Dump of table server_store
# ------------------------------------------------------------

DROP TABLE IF EXISTS `server_store`;

CREATE TABLE `server_store` (
  `store_id` varchar(255) NOT NULL,
  `store_name` varchar(255) NOT NULL,
  `address` longtext NOT NULL,
  `is_active` tinyint(1) NOT NULL,
  `showcase_index` int(10) unsigned NOT NULL,
  `manager_id` int(11) DEFAULT NULL,
  PRIMARY KEY (`store_id`),
  KEY `server_store_manager_id_2c80bd96_fk_server_staff_staff_id` (`manager_id`),
  CONSTRAINT `server_store_manager_id_2c80bd96_fk_server_staff_staff_id` FOREIGN KEY (`manager_id`) REFERENCES `server_staff` (`staff_id`)
) ENGINE=InnoDB DEFAULT CHARSET=utf8mb4;

LOCK TABLES `server_store` WRITE;
/*!40000 ALTER TABLE `server_store` DISABLE KEYS */;

INSERT INTO `server_store` (`store_id`, `store_name`, `address`, `is_active`, `showcase_index`, `manager_id`)
VALUES
	('CEN','','',1,6,NULL),
	('CWB','Causeway Bay','Causeway Bay',1,0,NULL),
	('KF','Kwai Fong','Kwai Fong',1,2,NULL),
	('MK1','Mong Kok #1','Mong Kok Fa Yuen Street',1,10,NULL),
	('ST','Sha Tin','Sha Tin',1,1,NULL);

/*!40000 ALTER TABLE `server_store` ENABLE KEYS */;
UNLOCK TABLES;


# Dump of table server_tenant
# ------------------------------------------------------------

DROP TABLE IF EXISTS `server_tenant`;

CREATE TABLE `server_tenant` (
  `tenant_id` int(11) NOT NULL,
  `tenant_name` varchar(255) NOT NULL,
  `phone` varchar(255) NOT NULL,
  `address` longtext NOT NULL,
  `date_joined` date NOT NULL,
  `balance` decimal(6,1) NOT NULL,
  `commission_rate` decimal(6,1) NOT NULL,
  `user_id` int(11) NOT NULL,
  PRIMARY KEY (`tenant_id`),
  UNIQUE KEY `user_id` (`user_id`),
  CONSTRAINT `server_tenant_user_id_51dc0695_fk_auth_user_id` FOREIGN KEY (`user_id`) REFERENCES `auth_user` (`id`)
) ENGINE=InnoDB DEFAULT CHARSET=utf8mb4;

LOCK TABLES `server_tenant` WRITE;
/*!40000 ALTER TABLE `server_tenant` DISABLE KEYS */;

INSERT INTO `server_tenant` (`tenant_id`, `tenant_name`, `phone`, `address`, `date_joined`, `balance`, `commission_rate`, `user_id`)
VALUES
	(2,'Tom Lee','22222020','tom@example.com','2020-06-07',-532.0,5.5,2),
	(4,'Name','12345678','tom@example.com','2020-06-08',0.0,5.5,4),
	(5,'Ben','12345678','tom@example.com','2020-06-09',0.0,5.5,5),
	(7,'','12345678','tom@example.com','2020-06-11',0.0,5.5,7),
	(9,'Mr Cheung','21222022','tom@example.com','2020-06-25',100.0,5.5,9);

/*!40000 ALTER TABLE `server_tenant` ENABLE KEYS */;
UNLOCK TABLES;



/*!40111 SET SQL_NOTES=@OLD_SQL_NOTES */;
/*!40101 SET SQL_MODE=@OLD_SQL_MODE */;
/*!40014 SET FOREIGN_KEY_CHECKS=@OLD_FOREIGN_KEY_CHECKS */;
/*!40101 SET CHARACTER_SET_CLIENT=@OLD_CHARACTER_SET_CLIENT */;
/*!40101 SET CHARACTER_SET_RESULTS=@OLD_CHARACTER_SET_RESULTS */;
/*!40101 SET COLLATION_CONNECTION=@OLD_COLLATION_CONNECTION */;
